PERSON_ID,FIRST_NAME,LAST_NAME,DISPLAY_FIRST_LAST,DISPLAY_LAST_COMMA_FIRST,DISPLAY_FI_LAST,PLAYER_SLUG,BIRTHDATE,SCHOOL,COUNTRY,LAST_AFFILIATION,HEIGHT,WEIGHT,SEASON_EXP,JERSEY,POSITION,ROSTERSTATUS,GAMES_PLAYED_CURRENT_SEASON_FLAG,TEAM_ID,TEAM_NAME,TEAM_ABBREVIATION,TEAM_CODE,TEAM_CITY,PLAYERCODE,FROM_YEAR,TO_YEAR,DLEAGUE_FLAG,NBA_FLAG,GAMES_PLAYED_FLAG,DRAFT_YEAR,DRAFT_ROUND,DRAFT_NUMBER,GREATEST_75_FLAG,player_id
949,Shareef,Abdur-Rahim,Shareef Abdur-Rahim,"Abdur-Rahim, Shareef",S. Abdur-Rahim,shareef-abdur-rahim,1976-12-11T00:00:00,California,USA,California/USA,6-9,245,13,3,Forward,Inactive,N,1610612763,Grizzlies,VAN,grizzlies,Vancouver,shareef_abdur-rahim,1996,2007,N,Y,Y,1996,1,3,N,949
724,Cory,Alexander,Cory Alexander,"Alexander, Cory",C. Alexander,cory-alexander,1973-06-22T00:00:00,Virginia,USA,Virginia/USA,6-1,190,8,12,Guard,Inactive,N,1610612759,Spurs,SAS,spurs,San Antonio,cory_alexander,1995,2004,N,Y,Y,1995,1,29,N,724
2124,Malik,Allen,Malik Allen,"Allen, Malik",M. Allen,malik-allen,1978-06-27T00:00:00,Villanova,USA,Villanova/USA,6-10,255,11,35,Forward,Inactive,N,1610612748,Heat,MIA,heat,Miami,malik_allen,2001,2010,N,Y,Y,Undrafted,Undrafted,Undrafted,N,2124
951,Ray,Allen,Ray Allen,"Allen, Ray",R. Allen,ray-allen,1975-07-20T00:00:00,Connecticut,USA,Connecticut/USA,6-5,205,18,34,Guard,Inactive,N,1610612749,Bucks,MIL,bucks,Milwaukee,ray_allen,1996,2013,N,Y,Y,1996,1,5,Y,951
2754,Tony,Allen,Tony Allen,"Allen, Tony",T. Allen,tony-allen,1982-01-11T00:00:00,Oklahoma State,USA,Oklahoma State/USA,6-4,213,14,,Guard-Forward,Inactive,N,0,,,,,tony_allen,2004,2017,N,Y,Y,2004,1,25,N,2754
1747,Rafer,Alston,Rafer Alston,"Alston, Rafer",R. Alston,rafer-alston,1976-07-24T00:00:00,Fresno State,USA,Fresno State/USA,6-2,175,11,11,Guard,Inactive,N,1610612745,Rockets,HOU,rockets,Houston,rafer_alston,1999,2009,Y,Y,Y,1998,2,39,N,1747
2365,Chris,Andersen,Chris Andersen,"Andersen, Chris",C. Andersen,chris-andersen,1978-07-07T00:00:00,Blinn J.C.,USA,Blinn J.C./USA,6-10,245,15,,Forward-Center,Inactive,N,0,,,,,chris_andersen,2001,2016,N,Y,Y,Undrafted,Undrafted,Undrafted,N,2365
1507,Derek,Anderson,Derek Anderson,"Anderson, Derek",D. Anderson,derek-anderson,1974-07-18T00:00:00,Kentucky,USA,Kentucky/USA,6-5,195,12,1,Guard,Inactive,N,1610612757,Trail Blazers,POR,blazers,Portland,derek_anderson,1997,2007,N,Y,Y,1997,1,13,N,1507
1000,Shandon,Anderson,Shandon Anderson,"Anderson, Shandon",S. Anderson,shandon-anderson,1973-12-31T00:00:00,Georgia,USA,Georgia/USA,6-6,215,10,49,Guard-Forward,Inactive,N,1610612752,Knicks,NYK,knicks,New York,shandon_anderson,1996,2005,N,Y,Y,1996,2,54,N,1000
2546,Carmelo,Anthony,Carmelo Anthony,"Anthony, Carmelo",C. Anthony,carmelo-anthony,1984-05-29T00:00:00,Syracuse,USA,Syracuse/USA,6-7,238,20,7,Forward,Inactive,N,1610612747,Lakers,LAL,lakers,Los Angeles,carmelo_anthony,2003,2021,N,Y,Y,2003,1,3,Y,2546
2737,Rafael,Araujo,Rafael Araujo,"Araujo, Rafael",R. Araujo,rafael-araujo,1980-08-12T00:00:00,Brigham Young,Brazil,Brigham Young/Brazil,6-11,270,4,55,Center,Inactive,N,1610612761,Raptors,TOR,raptors,Toronto,rafael_araujo,2004,2006,N,Y,Y,2004,1,8,N,2737
2240,Gilbert,Arenas,Gilbert Arenas,"Arenas, Gilbert",G. Arenas,gilbert-arenas,1982-01-06T00:00:00,Arizona,USA,Arizona/USA,6-4,215,12,10,Guard,Inactive,N,1610612764,Wizards,WAS,wizards,Washington,gilbert_arenas,2001,2011,N,Y,Y,2001,2,30,N,2240
2772,Trevor,Ariza,Trevor Ariza,"Ariza, Trevor",T. Ariza,trevor-ariza,1985-06-30T00:00:00,UCLA,USA,UCLA/USA,6-8,215,18,,Forward,Inactive,N,0,,,,,trevor_ariza,2004,2021,N,Y,Y,2004,2,43,N,2772
353,Darrell,Armstrong,Darrell Armstrong,"Armstrong, Darrell",D. Armstrong,darrell-armstrong,1968-06-22T00:00:00,Fayetteville State,USA,Fayetteville State/USA,6-1,180,15,10,Guard,Inactive,N,1610612753,Magic,ORL,magic,Orlando,darrell_armstrong,1994,2007,N,Y,Y,Undrafted,Undrafted,Undrafted,N,353
2306,Carlos,Arroyo,Carlos Arroyo,"Arroyo, Carlos",C. Arroyo,carlos-arroyo,1979-07-30T00:00:00,Florida International,Puerto Rico,Florida International/Puerto Rico,6-2,200,10,45,Guard,Inactive,N,1610612753,Magic,ORL,magic,Orlando,carlos_arroyo,2001,2010,N,Y,Y,Undrafted,Undrafted,Undrafted,N,2306
1088,Chucky,Atkins,Chucky Atkins,"Atkins, Chucky",C. Atkins,chucky-atkins,1974-08-14T00:00:00,South Florida,USA,South Florida/USA,5-11,185,12,17,Guard,Inactive,N,1610612765,Pistons,DET,pistons,Detroit,chucky_atkins,1999,2009,N,Y,Y,Undrafted,Undrafted,Undrafted,N,1088
278,Stacey,Augmon,Stacey Augmon,"Augmon, Stacey",S. Augmon,stacey-augmon,1968-08-01T00:00:00,UNLV,USA,UNLV/USA,6-8,213,16,2,Forward-Guard,Inactive,N,1610612737,Hawks,ATL,hawks,Atlanta,stacey_augmon,1991,2005,N,Y,Y,1991,1,9,N,278
452,Vin,Baker,Vin Baker,"Baker, Vin",V. Baker,vin-baker,1971-11-23T00:00:00,Hartford,USA,Hartford/USA,6-11,240,13,34,Forward,Inactive,N,1610612760,SuperSonics,SEA,thunder,Seattle,vin_baker,1993,2005,N,Y,Y,1993,1,8,N,452
2556,Marcus,Banks,Marcus Banks,"Banks, Marcus",M. Banks,marcus-banks,1981-11-19T00:00:00,UNLV,USA,UNLV/USA,6-2,205,9,15,Guard,Inactive,N,1610612738,Celtics,BOS,celtics,Boston,marcus_banks,2003,2010,Y,Y,Y,2003,1,13,N,2556
2571,Leandro,Barbosa,Leandro Barbosa,"Barbosa, Leandro",L. Barbosa,leandro-barbosa,1982-11-28T00:00:00,Bauru,Brazil,Bauru/Brazil,6-3,194,15,19,Guard,Inactive,N,1610612756,Suns,PHX,suns,Phoenix,leandro_barbosa,2003,2016,N,Y,Y,2003,1,28,N,2571
2857,Andre,Barrett,Andre Barrett,"Barrett, Andre",A. Barrett,andre-barrett,1982-02-21T00:00:00,Seton Hall,USA,Seton Hall/USA,5-10,173,5,,Guard,Inactive,N,0,,,,,andre_barrett,2004,2007,Y,Y,Y,Undrafted,Undrafted,Undrafted,N,2857
699,Brent,Barry,Brent Barry,"Barry, Brent",B. Barry,brent-barry,1971-12-31T00:00:00,Oregon State,USA,Oregon State/USA,6-7,210,15,17,Guard,Inactive,N,1610612760,SuperSonics,SEA,thunder,Seattle,brent_barry,1995,2008,N,Y,Y,1995,1,15,N,699
468,Jon,Barry,Jon Barry,"Barry, Jon",J. Barry,jon-barry,1969-07-25T00:00:00,Georgia Tech,USA,Georgia Tech/USA,6-5,210,14,,Guard,Inactive,N,0,,,,,jon_barry,1992,2005,N,Y,Y,1992,1,21,N,468
1499,Tony,Battie,Tony Battie,"Battie, Tony",T. Battie,tony-battie,1976-02-11T00:00:00,Texas Tech,USA,Texas Tech/USA,6-11,240,15,4,Center,Inactive,N,1610612738,Celtics,BOS,celtics,Boston,tony_battie,1997,2011,N,Y,Y,1997,1,5,N,1499
2203,Shane,Battier,Shane Battier,"Battier, Shane",S. Battier,shane-battier,1978-09-09T00:00:00,Duke,USA,Duke/USA,6-8,220,13,31,Forward,Inactive,N,1610612763,Grizzlies,MEM,grizzlies,Memphis,shane_battier,2001,2013,N,Y,Y,2001,1,6,N,2203
1952,Raja,Bell,Raja Bell,"Bell, Raja",R. Bell,raja-bell,1976-09-19T00:00:00,Florida International,US Virgin Islands,Florida International/U.S. Virgin Islands,6-5,210,13,19,Guard,Inactive,N,1610612756,Suns,PHX,suns,Phoenix,raja_bell,2000,2011,N,Y,Y,Undrafted,Undrafted,Undrafted,N,1952
696,Travis,Best,Travis Best,"Best, Travis",T. Best,travis-best,1972-07-12T00:00:00,Georgia Tech,USA,Georgia Tech/USA,5-11,182,11,6,Guard,Inactive,N,1610612754,Pacers,IND,pacers,Indiana,travis_best,1995,2004,N,Y,Y,1995,1,23,N,696
1710,Mike,Bibby,Mike Bibby,"Bibby, Mike",M. Bibby,mike-bibby,1978-05-13T00:00:00,Arizona,USA,Arizona/USA,6-2,195,15,20,Guard,Inactive,N,1610612758,Kings,SAC,kings,Sacramento,mike_bibby,1998,2011,N,Y,Y,1998,1,2,N,1710
2740,Andris,Biedrins,Andris Biedrins,"Biedrins, Andris",A. Biedrins,andris-biedrins,1986-04-02T00:00:00,BK Skonto,Latvia,BK Skonto/Latvia,7-0,250,10,,Center,Inactive,N,0,,,,,andris_biedrins,2004,2013,N,Y,Y,2004,1,11,N,2740
1497,Chauncey,Billups,Chauncey Billups,"Billups, Chauncey",C. Billups,chauncey-billups,1976-09-25T00:00:00,Colorado,USA,Colorado/USA,6-3,210,17,1,Guard,Inactive,N,1610612765,Pistons,DET,pistons,Detroit,chauncey_billups,1997,2013,N,Y,Y,1997,1,3,N,1497
2581,Steve,Blake,Steve Blake,"Blake, Steve",S. Blake,steve-blake,1980-02-26T00:00:00,Maryland,USA,Maryland/USA,6-3,172,14,22,Guard,Inactive,N,1610612757,Trail Blazers,POR,blazers,Portland,steve_blake,2003,2015,N,Y,Y,2003,2,38,N,2581
1548,Mark,Blount,Mark Blount,"Blount, Mark",M. Blount,mark-blount,1975-11-30T00:00:00,Pittsburgh,USA,Pittsburgh/USA,7-0,250,10,15,Center-Forward,Inactive,N,1610612738,Celtics,BOS,celtics,Boston,mark_blount,2000,2008,N,Y,Y,1997,2,54,N,1548
2586,Keith,Bogans,Keith Bogans,"Bogans, Keith",K. Bogans,keith-bogans,1980-05-12T00:00:00,Kentucky,USA,Kentucky/USA,6-5,215,11,4,Guard-Forward,Inactive,N,1610612753,Magic,ORL,magic,Orlando,keith_bogans,2003,2013,Y,Y,Y,2003,2,43,N,2586
2588,Matt,Bonner,Matt Bonner,"Bonner, Matt",M. Bonner,matt-bonner,1980-04-05T00:00:00,Florida,USA,Florida/USA,6-10,235,13,15,Center-Forward,Inactive,N,1610612759,Spurs,SAS,spurs,San Antonio,matt_bonner,2004,2015,N,Y,Y,2003,2,45,N,2588
1916,Calvin,Booth,Calvin Booth,"Booth, Calvin",C. Booth,calvin-booth,1976-05-07T00:00:00,Penn State,USA,Penn State/USA,6-11,230,11,52,Center,Inactive,N,1610612760,SuperSonics,SEA,thunder,Seattle,calvin_booth,1999,2008,N,Y,Y,1999,2,35,N,1916
2414,Curtis,Borchardt,Curtis Borchardt,"Borchardt, Curtis",C. Borchardt,curtis-borchardt,1980-09-13T00:00:00,Stanford,USA,Stanford/USA,7-0,242,3,22,Center,Inactive,N,1610612762,Jazz,UTA,jazz,Utah,curtis_borchardt,2002,2004,N,Y,Y,2002,1,18,N,2414
2547,Chris,Bosh,Chris Bosh,"Bosh, Chris",C. Bosh,chris-bosh,1984-03-24T00:00:00,Georgia Tech,USA,Georgia Tech/USA,6-11,235,14,1,Forward,Inactive,N,1610612748,Heat,MIA,heat,Miami,chris_bosh,2003,2016,N,Y,Y,2003,1,4,N,2547
1477,Bruce,Bowen,Bruce Bowen,"Bowen, Bruce",B. Bowen,bruce-bowen,1971-06-14T00:00:00,California State-Fullerton,USA,California State-Fullerton/USA,6-7,200,14,12,Forward,Inactive,N,1610612759,Spurs,SAS,spurs,San Antonio,bruce_bowen,1996,2008,N,Y,Y,Undrafted,Undrafted,Undrafted,N,1477
1763,Ryan,Bowen,Ryan Bowen,"Bowen, Ryan",R. Bowen,ryan-bowen,1975-11-20T00:00:00,Iowa,USA,Iowa/USA,6-9,218,10,,Forward,Inactive,N,0,,,,,ryan_bowen,1999,2009,N,Y,Y,1998,2,55,N,1763
1863,Earl,Boykins,Earl Boykins,"Boykins, Earl",E. Boykins,earl-boykins,1976-06-02T00:00:00,Eastern Michigan,USA,Eastern Michigan/USA,5-5,133,14,6,Guard,Inactive,N,1610612743,Nuggets,DEN,nuggets,Denver,earl_boykins,1998,2011,N,Y,Y,Undrafted,Undrafted,Undrafted,N,1863
2214,Michael,Bradley,Michael Bradley,"Bradley, Michael",M. Bradley,michael-bradley,1979-04-18T00:00:00,Villanova,USA,Villanova/USA,6-10,245,5,5,Forward,Inactive,N,1610612761,Raptors,TOR,raptors,Toronto,michael_bradley,2001,2005,N,Y,Y,2001,1,17,N,2214
762,Shawn,Bradley,Shawn Bradley,"Bradley, Shawn",S. Bradley,shawn-bradley,1972-03-22T00:00:00,Brigham Young,USA,Brigham Young/USA,7-6,275,13,44,Center,Inactive,N,1610612742,Mavericks,DAL,mavericks,Dallas,shawn_bradley,1993,2004,N,Y,Y,1993,1,2,N,762
1765,Torraye,Braggs,Torraye Braggs,"Braggs, Torraye",T. Braggs,torraye-braggs,1976-05-15T00:00:00,Xavier,USA,Xavier/USA,6-8,245,3,32,Forward,Inactive,N,1610612745,Rockets,HOU,rockets,Houston,torraye_braggs,2003,2004,Y,Y,Y,1998,2,57,N,1765
1882,Elton,Brand,Elton Brand,"Brand, Elton",E. Brand,elton-brand,1979-03-11T00:00:00,Duke,USA,Duke/USA,6-9,254,18,42,Forward,Inactive,N,1610612746,Clippers,LAC,clippers,Los Angeles,elton_brand,1999,2015,N,Y,Y,1999,1,1,N,1882
2056,Primoz,Brezec,Primoz Brezec,"Brezec, Primoz",P. Brezec,primoz-brezec,1979-10-02T00:00:00,Union Olimpija,Slovenia,Union Olimpija/Slovenia,7-1,255,9,9,Center,Inactive,N,1610612766,Bobcats,CHA,hornets,Charlotte,primoz_brezec,2001,2009,N,Y,Y,2000,1,27,N,2056
2484,Devin,Brown,Devin Brown,"Brown, Devin",D. Brown,devin-brown,1978-12-30T00:00:00,Texas-San Antonio,USA,Texas-San Antonio/USA,6-5,210,9,32,Guard,Inactive,N,1610612740,Hornets,NOH,pelicans,New Orleans,devin_brown,2002,2009,Y,Y,Y,Undrafted,Undrafted,Undrafted,N,2484
2198,Kwame,Brown,Kwame Brown,"Brown, Kwame",K. Brown,kwame-brown,1982-03-10T00:00:00,Glynn Academy HS (GA),USA,Glynn Academy HS (GA)/USA,6-11,290,13,54,Center,Inactive,N,1610612764,Wizards,WAS,wizards,Washington,kwame_brown,2001,2012,N,Y,Y,2001,1,1,N,2198
136,P.J.,Brown,P.J. Brown,"Brown, P.J.",P. Brown,pj-brown,1969-10-14T00:00:00,Louisiana Tech,USA,Louisiana Tech/USA,6-11,239,16,93,Forward-Center,Inactive,N,1610612740,Hornets,NOK,pelicans,New Orleans/Oklahoma City,p.j._brown,1993,2007,N,Y,Y,1992,2,29,N,136
1594,Rick,Brunson,Rick Brunson,"Brunson, Rick",R. Brunson,rick-brunson,1972-06-14T00:00:00,Temple,USA,Temple/USA,6-4,190,9,9,Guard,Inactive,N,1610612757,Trail Blazers,POR,blazers,Portland,rick_brunson,1997,2005,N,Y,Y,Undrafted,Undrafted,Undrafted,N,1594
977,Kobe,Bryant,Kobe Bryant,"Bryant, Kobe",K. Bryant,kobe-bryant,1978-08-23T00:00:00,Lower Merion HS (PA),USA,Lower Merion HS (PA)/USA,6-6,212,20,24,Forward-Guard,Inactive,N,1610612747,Lakers,LAL,lakers,Los Angeles,kobe_bryant,1996,2015,N,Y,Y,1996,1,13,Y,977
1761,Greg,Buckner,Greg Buckner,"Buckner, Greg",G. Buckner,greg-buckner,1976-09-16T00:00:00,Clemson,USA,Clemson/USA,6-4,210,11,7,Guard,Inactive,N,1610612742,Mavericks,DAL,mavericks,Dallas,greg_buckner,1999,2008,N,Y,Y,1998,2,53,N,1761
1934,Rodney,Buford,Rodney Buford,"Buford, Rodney",R. Buford,rodney-buford,1977-11-02T00:00:00,Creighton,USA,Creighton/USA,6-5,195,6,2,Forward-Guard,Inactive,N,1610612751,Nets,NJN,nets,New Jersey,rodney_buford,1999,2004,N,Y,Y,1999,2,53,N,1934
2766,Antonio,Burks,Antonio Burks,"Burks, Antonio",A. Burks,antonio-burks,1980-02-25T00:00:00,Memphis,USA,Memphis/USA,6-0,195,2,1,Guard,Inactive,N,1610612763,Grizzlies,MEM,grizzlies,Memphis,antonio_burks,2004,2005,N,Y,Y,2004,2,36,N,2766
2406,Caron,Butler,Caron Butler,"Butler, Caron",C. Butler,caron-butler,1980-03-13T00:00:00,Connecticut,USA,Connecticut/USA,6-7,228,15,31,Forward,Inactive,N,1610612764,Wizards,WAS,wizards,Washington,caron_butler,2002,2015,N,Y,Y,2002,1,10,N,2406
2866,Jackie,Butler,Jackie Butler,"Butler, Jackie",J. Butler,jackie-butler,1985-03-10T00:00:00,Coastal Christian Academy (VA),USA,Coastal Christian Academy (VA)/USA,6-10,260,4,45,Center,Inactive,N,1610612752,Knicks,NYK,knicks,New York,jackie_butler,2004,2006,N,Y,Y,Undrafted,Undrafted,Undrafted,N,2866
2446,Rasual,Butler,Rasual Butler,"Butler, Rasual",R. Butler,rasual-butler,1979-05-23T00:00:00,La Salle,USA,La Salle/USA,6-7,215,14,,Forward,Inactive,N,0,,,,,rasual_butler,2002,2015,Y,Y,Y,2002,2,52,N,2446
2560,Zarko,Cabarkapa,Zarko Cabarkapa,"Cabarkapa, Zarko",Z. Cabarkapa,zarko-cabarkapa,1981-05-21T00:00:00,Buducnost,Serbia,Buducnost/Serbia,6-11,230,4,11,Forward-Center,Inactive,N,1610612744,Warriors,GSW,warriors,Golden State,zarko_cabarkapa,2003,2006,N,Y,Y,2003,1,17,N,2560
948,Marcus,Camby,Marcus Camby,"Camby, Marcus",M. Camby,marcus-camby,1974-03-22T00:00:00,Massachusetts,USA,Massachusetts/USA,6-11,240,18,23,Center-Forward,Inactive,N,1610612743,Nuggets,DEN,nuggets,Denver,marcus_camby,1996,2012,N,Y,Y,1996,1,2,N,948
922,Elden,Campbell,Elden Campbell,"Campbell, Elden",E. Campbell,elden-campbell,1968-07-23T00:00:00,Clemson,USA,Clemson/USA,7-0,279,16,41,Center-Forward,Inactive,N,1610612747,Lakers,LAL,lakers,Los Angeles,elden_campbell,1990,2004,N,Y,Y,1990,1,27,N,922
2073,Brian,Cardinal,Brian Cardinal,"Cardinal, Brian",B. Cardinal,brian-cardinal,1977-05-02T00:00:00,Purdue,USA,Purdue/USA,6-8,240,13,35,Forward,Inactive,N,1610612763,Grizzlies,MEM,grizzlies,Memphis,brian_cardinal,2000,2011,N,Y,Y,2000,2,44,N,2073
2679,Matt,Carroll,Matt Carroll,"Carroll, Matt",M. Carroll,matt-carroll,1980-08-28T00:00:00,Notre Dame,USA,Notre Dame/USA,6-6,212,10,,Guard,Inactive,N,0,,,,,matt_carroll,2003,2012,N,Y,Y,Undrafted,Undrafted,Undrafted,N,2679
1853,Anthony,Carter,Anthony Carter,"Carter, Anthony",A. Carter,anthony-carter,1975-06-16T00:00:00,Hawaii,USA,Hawaii/USA,6-1,190,14,,Guard,Inactive,N,0,,,,,anthony_carter,1999,2011,N,Y,Y,Undrafted,Undrafted,Undrafted,N,1853
1713,Vince,Carter,Vince Carter,"Carter, Vince",V. Carter,vince-carter,1977-01-26T00:00:00,North Carolina,USA,North Carolina/USA,6-6,220,23,15,Guard-Forward,Inactive,N,1610612761,Raptors,TOR,raptors,Toronto,vince_carter,1998,2019,N,Y,Y,1998,1,5,N,1713
208,Sam,Cassell,Sam Cassell,"Cassell, Sam",S. Cassell,sam-cassell,1969-11-18T00:00:00,Florida State,USA,Florida State/USA,6-3,185,16,28,Guard,Inactive,N,1610612749,Bucks,MIL,bucks,Milwaukee,sam_cassell,1993,2007,N,Y,Y,1993,1,24,N,208
1509,Kelvin,Cato,Kelvin Cato,"Cato, Kelvin",K. Cato,kelvin-cato,1974-08-26T00:00:00,Iowa State,USA,Iowa State/USA,6-11,275,11,26,Center,Inactive,N,1610612745,Rockets,HOU,rockets,Houston,kelvin_cato,1997,2006,N,Y,Y,1997,1,15,N,1509
2763,Lionel,Chalmers,Lionel Chalmers,"Chalmers, Lionel",L. Chalmers,lionel-chalmers,1980-11-10T00:00:00,Xavier,USA,Xavier/USA,6-0,180,2,0,Guard,Inactive,N,1610612746,Clippers,LAC,clippers,Los Angeles,lionel_chalmers,2004,2004,N,Y,Y,2004,2,33,N,2763
2199,Tyson,Chandler,Tyson Chandler,"Chandler, Tyson",T. Chandler,tyson-chandler,1982-10-02T00:00:00,Dominguez HS (CA),USA,Dominguez HS (CA)/USA,7-0,235,20,6,Center,Inactive,N,1610612752,Knicks,NYK,knicks,New York,tyson_chandler,2001,2019,N,Y,Y,2001,1,2,N,2199
384,Calbert,Cheaney,Calbert Cheaney,"Cheaney, Calbert",C. Cheaney,calbert-cheaney,1971-07-17T00:00:00,Indiana,USA,Indiana/USA,6-7,210,13,40,Guard-Forward,Inactive,N,1610612764,Wizards,WAS,wizards,Washington,calbert_cheaney,1993,2005,N,Y,Y,1993,1,6,N,384
2735,Josh,Childress,Josh Childress,"Childress, Josh",J. Childress,josh-childress,1983-06-20T00:00:00,Stanford,USA,Stanford/USA,6-8,210,9,,Forward-Guard,Inactive,N,0,,,,,josh_childress,2004,2013,Y,Y,Y,2004,1,6,N,2735
2043,Mateen,Cleaves,Mateen Cleaves,"Cleaves, Mateen",M. Cleaves,mateen-cleaves,1977-09-07T00:00:00,Michigan State,USA,Michigan State/USA,6-2,210,7,,Guard,Inactive,N,0,,,,,mateen_cleaves,2000,2005,Y,Y,Y,2000,1,14,N,2043
2044,Jason,Collier,Jason Collier,"Collier, Jason",J. Collier,jason-collier,1977-09-08T00:00:00,Georgia Tech,USA,Georgia Tech/USA,7-0,260,6,40,Center,Inactive,N,1610612737,Hawks,ATL,hawks,Atlanta,jason_collier,2000,2004,N,Y,Y,2000,1,15,N,2044
2260,Jarron,Collins,Jarron Collins,"Collins, Jarron",J. Collins,jarron-collins,1978-12-02T00:00:00,Stanford,USA,Stanford/USA,6-11,249,10,,Center,Inactive,N,0,,,,,jarron_collins,2001,2010,N,Y,Y,2001,2,52,N,2260
2215,Jason,Collins,Jason Collins,"Collins, Jason",J. Collins,jason-collins,1978-12-02T00:00:00,Stanford,USA,Stanford/USA,7-0,255,13,98,Center,Inactive,N,1610612751,Nets,BKN,nets,Brooklyn,jason_collins,2001,2013,N,Y,Y,2001,1,18,N,2215
2555,Nick,Collison,Nick Collison,"Collison, Nick",N. Collison,nick-collison,1980-10-26T00:00:00,Kansas,USA,Kansas/USA,6-10,255,15,4,Forward-Center,Inactive,N,1610612760,Thunder,OKC,thunder,Oklahoma City,nick_collison,2003,2017,N,Y,Y,2003,1,12,N,2555
2567,Brian,Cook,Brian Cook,"Cook, Brian",B. Cook,brian-cook,1980-12-04T00:00:00,Illinois,USA,Illinois/USA,6-9,250,10,43,Center-Forward,Inactive,N,1610612747,Lakers,LAL,lakers,Los Angeles,brian_cook,2003,2011,N,Y,Y,2003,1,24,N,2567
2241,Omar,Cook,Omar Cook,"Cook, Omar",O. Cook,omar-cook,1982-01-28T00:00:00,St. John's (NY),USA,St. John's (NY)/USA,6-1,190,3,1,Guard,Inactive,N,1610612757,Trail Blazers,POR,blazers,Portland,omar_cook,2001,2004,N,Y,Y,2001,2,31,N,2241
2037,Jamal,Crawford,Jamal Crawford,"Crawford, Jamal",J. Crawford,jamal-crawford,1980-03-20T00:00:00,Michigan,USA,Michigan/USA,6-5,200,21,1,Guard,Inactive,N,1610612746,Clippers,LAC,clippers,LA,jamal_crawford,2000,2019,N,Y,Y,2000,1,8,N,2037
1506,Austin,Croshere,Austin Croshere,"Croshere, Austin",A. Croshere,austin-croshere,1975-05-01T00:00:00,Providence,USA,Providence/USA,6-10,240,12,,Forward,Inactive,N,0,,,,,austin_croshere,1997,2008,N,Y,Y,1997,1,12,N,1506
2223,Samuel,Dalembert,Samuel Dalembert,"Dalembert, Samuel",S. Dalembert,samuel-dalembert,1980-05-10T00:00:00,Seton Hall,Haiti,Seton Hall/Haiti,6-11,255,14,,Center,Inactive,N,0,,,,,samuel_dalembert,2001,2014,N,Y,Y,2001,1,26,N,2223
956,Erick,Dampier,Erick Dampier,"Dampier, Erick",E. Dampier,erick-dampier,1975-07-14T00:00:00,Mississippi State,USA,Mississippi State/USA,6-11,265,17,25,Center,Inactive,N,1610612744,Warriors,GSW,warriors,Golden State,erick_dampier,1996,2011,N,Y,Y,1996,1,10,N,956
1498,Antonio,Daniels,Antonio Daniels,"Daniels, Antonio",A. Daniels,antonio-daniels,1975-03-19T00:00:00,Bowling Green,USA,Bowling Green/USA,6-4,205,14,22,Guard,Inactive,N,1610612759,Spurs,SAS,spurs,San Antonio,antonio_daniels,1997,2010,Y,Y,Y,1997,1,4,N,1498
2845,Erik,Daniels,Erik Daniels,"Daniels, Erik",E. Daniels,erik-daniels,1982-04-01T00:00:00,Kentucky,USA,Kentucky/USA,,,2,,,Inactive,N,0,,,,,erik_daniels,2004,2007,Y,Y,Y,Undrafted,Undrafted,Undrafted,N,2845
2605,Marquis,Daniels,Marquis Daniels,"Daniels, Marquis",M. Daniels,marquis-daniels,1981-01-07T00:00:00,Auburn,USA,Auburn/USA,6-6,200,11,6,Forward,Inactive,N,1610612742,Mavericks,DAL,mavericks,Dallas,marquis_daniels,2003,2012,N,Y,Y,Undrafted,Undrafted,Undrafted,N,2605
213,Antonio,Davis,Antonio Davis,"Davis, Antonio",A. Davis,antonio-davis,1968-10-31T00:00:00,Texas-El Paso,USA,Texas-El Paso/USA,6-9,245,13,,Forward-Center,Inactive,N,0,,,,,antonio_davis,1993,2005,N,Y,Y,1990,2,45,N,213
1884,Baron,Davis,Baron Davis,"Davis, Baron",B. Davis,baron-davis,1979-04-13T00:00:00,UCLA,USA,UCLA/USA,6-3,212,14,85,Guard,Inactive,N,1610612766,Hornets,CHH,hornets,Charlotte,baron_davis,1999,2011,Y,Y,Y,1999,1,3,N,1884
905,Dale,Davis,Dale Davis,"Davis, Dale",D. Davis,dale-davis,1969-03-25T00:00:00,Clemson,USA,Clemson/USA,6-11,252,17,34,Center-Forward,Inactive,N,1610612754,Pacers,IND,pacers,Indiana,dale_davis,1991,2006,N,Y,Y,1991,1,13,N,905
2668,Josh,Davis,Josh Davis,"Davis, Josh",J. Davis,josh-davis,1980-08-10T00:00:00,Wyoming,USA,Wyoming/USA,6-8,235,4,,Forward,Inactive,N,0,,,,,josh_davis,2003,2011,Y,Y,Y,Undrafted,Undrafted,Undrafted,N,2668
1729,Ricky,Davis,Ricky Davis,"Davis, Ricky",R. Davis,ricky-davis,1979-09-23T00:00:00,Iowa,USA,Iowa/USA,6-7,195,12,,Guard,Inactive,N,0,,,,,ricky_davis,1998,2009,Y,Y,Y,1998,1,21,N,1729
2568,Carlos,Delfino,Carlos Delfino,"Delfino, Carlos",C. Delfino,carlos-delfino,1982-08-29T00:00:00,Fortitudo Bologna,Argentina,Fortitudo Bologna/Argentina,6-6,230,9,10,Guard-Forward,Inactive,N,1610612765,Pistons,DET,pistons,Detroit,carlos_delfino,2004,2013,N,Y,Y,2003,1,25,N,2568
960,Tony,Delk,Tony Delk,"Delk, Tony",T. Delk,tony-delk,1974-01-28T00:00:00,Kentucky,USA,Kentucky/USA,6-2,189,10,00,Guard,Inactive,N,1610612756,Suns,PHX,suns,Phoenix,tony_delk,1996,2005,N,Y,Y,1996,1,16,N,960
2564,Boris,Diaw,Boris Diaw,"Diaw, Boris",B. Diaw,boris-diaw,1982-04-16T00:00:00,Pau Orthez,France,Pau Orthez/France,6-8,250,15,33,Center-Forward,Inactive,N,1610612759,Spurs,SAS,spurs,San Antonio,boris_diaw,2003,2016,N,Y,Y,2003,1,21,N,2564
2424,Dan,Dickau,Dan Dickau,"Dickau, Dan",D. Dickau,dan-dickau,1978-09-16T00:00:00,Gonzaga,USA,Gonzaga/USA,6-0,180,7,10,Guard,Inactive,N,1610612737,Hawks,ATL,hawks,Atlanta,dan_dickau,2002,2007,Y,Y,Y,2002,1,28,N,2424
2205,DeSagana,Diop,DeSagana Diop,"Diop, DeSagana",D. Diop,desagana-diop,1982-01-30T00:00:00,Oak Hill Academy (VA),Senegal,Oak Hill Academy (VA)/Senegal,7-0,280,13,2,Center,Inactive,N,1610612742,Mavericks,DAL,mavericks,Dallas,desagana_diop,2001,2012,N,Y,Y,2001,1,8,N,2205
124,Vlade,Divac,Vlade Divac,"Divac, Vlade",V. Divac,vlade-divac,1968-02-03T00:00:00,Partizan,Serbia,Partizan/Serbia,7-1,260,17,21,Center,Inactive,N,1610612747,Lakers,LAL,lakers,Los Angeles,vlade_divac,1989,2004,N,Y,Y,1989,1,26,N,124
2413,Juan,Dixon,Juan Dixon,"Dixon, Juan",J. Dixon,juan-dixon,1978-10-09T00:00:00,Maryland,USA,Maryland/USA,6-3,165,8,12,Guard,Inactive,N,1610612764,Wizards,WAS,wizards,Washington,juan_dixon,2002,2008,N,Y,Y,2002,1,17,N,2413
1720,Michael,Doleac,Michael Doleac,"Doleac, Michael",M. Doleac,michael-doleac,1977-06-15T00:00:00,Utah,USA,Utah/USA,6-11,262,11,51,Center,Inactive,N,1610612753,Magic,ORL,magic,Orlando,michael_doleac,1998,2007,N,Y,Y,1998,1,12,N,1720
2039,Keyon,Dooling,Keyon Dooling,"Dooling, Keyon",K. Dooling,keyon-dooling,1980-05-08T00:00:00,Missouri,USA,Missouri/USA,6-3,195,14,55,Guard,Inactive,N,1610612746,Clippers,LAC,clippers,Los Angeles,keyon_dooling,2000,2012,Y,Y,Y,2000,1,10,N,2039
1542,Predrag,Drobnjak,Predrag Drobnjak,"Drobnjak, Predrag",P. Drobnjak,predrag-drobnjak,1975-10-27T00:00:00,Efes Pilsen,Serbia,Efes Pilsen/Serbia,6-11,270,5,14,Center,Inactive,N,1610612760,SuperSonics,SEA,thunder,Seattle,predrag_drobnjak,2001,2004,N,Y,Y,1997,2,48,N,1542
2768,Chris,Duhon,Chris Duhon,"Duhon, Chris",C. Duhon,chris-duhon,1982-08-31T00:00:00,Duke,USA,Duke/USA,6-1,190,10,21,Guard,Inactive,N,1610612741,Bulls,CHI,bulls,Chicago,chris_duhon,2004,2012,N,Y,Y,2004,2,38,N,2768
1495,Tim,Duncan,Tim Duncan,"Duncan, Tim",T. Duncan,tim-duncan,1976-04-25T00:00:00,Wake Forest,US Virgin Islands,Wake Forest/US Virgin Islands,6-11,250,20,21,Center-Forward,Inactive,N,1610612759,Spurs,SAS,spurs,San Antonio,tim_duncan,1997,2015,N,Y,Y,1997,1,1,Y,1495
2399,Mike,Dunleavy,Mike Dunleavy,"Dunleavy, Mike",M. Dunleavy,mike-dunleavy,1980-09-15T00:00:00,Duke,USA,Duke/USA,6-9,230,16,34,Guard-Forward,Inactive,N,1610612744,Warriors,GSW,warriors,Golden State,mike_dunleavy,2002,2016,N,Y,Y,2002,1,3,N,2399
2648,Ronald,Dupree,Ronald Dupree,"Dupree, Ronald",R. Dupree,ronald-dupree,1981-01-26T00:00:00,Louisiana State,USA,Louisiana State/USA,6-7,209,7,,Forward,Inactive,N,0,,,,,ronald_dupree,2003,2010,Y,Y,Y,Undrafted,Undrafted,Undrafted,N,2648
2569,Ndudi,Ebi,Ndudi Ebi,"Ebi, Ndudi",N. Ebi,ndudi-ebi,1984-06-18T00:00:00,Westbury Christian HS (TX),USA,Westbury Christian HS (TX)/USA,6-9,195,3,44,Forward,Inactive,N,1610612750,Timberwolves,MIN,timberwolves,Minnesota,ndudi_ebi,2003,2004,Y,Y,Y,2003,1,26,N,2569
2823,John,Edwards,John Edwards,"Edwards, John",J. Edwards,john-edwards,1981-07-31T00:00:00,Kent State,USA,Kent State/USA,7-0,275,3,54,Center,Inactive,N,1610612737,Hawks,ATL,hawks,Atlanta,john_edwards,2004,2005,Y,Y,Y,Undrafted,Undrafted,Undrafted,N,2823
458,Howard,Eisley,Howard Eisley,"Eisley, Howard",H. Eisley,howard-eisley,1972-12-04T00:00:00,Boston College,USA,Boston College/USA,6-2,185,12,10,Guard,Inactive,N,1610612762,Jazz,UTA,jazz,Utah,howard_eisley,1994,2005,N,Y,Y,1994,2,30,N,458
1922,Francisco,Elson,Francisco Elson,"Elson, Francisco",F. Elson,francisco-elson,1976-02-28T00:00:00,California,Netherlands,California/Netherlands,7-0,240,9,,Center-Forward,Inactive,N,0,,,,,francisco_elson,2003,2011,N,Y,Y,1999,2,41,N,1922
2408,Melvin,Ely,Melvin Ely,"Ely, Melvin",M. Ely,melvin-ely,1978-05-02T00:00:00,Fresno State,USA,Fresno State/USA,6-10,260,9,4,Center-Forward,Inactive,N,1610612766,Bobcats,CHA,hornets,Charlotte,melvin_ely,2002,2013,Y,Y,Y,2002,1,12,N,2408
2230,Maurice,Evans,Maurice Evans,"Evans, Maurice",M. Evans,maurice-evans,1978-11-08T00:00:00,Texas,USA,Texas/USA,6-5,220,10,6,Guard-Forward,Inactive,N,1610612737,Hawks,ATL,hawks,Atlanta,maurice_evans,2001,2011,N,Y,Y,Undrafted,Undrafted,Undrafted,N,2230
2501,Reggie,Evans,Reggie Evans,"Evans, Reggie",R. Evans,reggie-evans,1980-05-18T00:00:00,Iowa,USA,Iowa/USA,6-8,245,13,30,Center-Forward,Inactive,N,1610612760,SuperSonics,SEA,thunder,Seattle,reggie_evans,2002,2014,N,Y,Y,Undrafted,Undrafted,Undrafted,N,2501
714,Michael,Finley,Michael Finley,"Finley, Michael",M. Finley,michael-finley,1973-03-06T00:00:00,Wisconsin,USA,Wisconsin/USA,6-7,225,16,40,Guard-Forward,Inactive,N,1610612742,Mavericks,DAL,mavericks,Dallas,michael_finley,1995,2009,N,Y,Y,1995,1,21,N,714
965,Derek,Fisher,Derek Fisher,"Fisher, Derek",D. Fisher,derek-fisher,1974-08-09T00:00:00,Arkansas-Little Rock,USA,Arkansas-Little Rock/USA,6-1,210,18,6,Guard,Inactive,N,1610612747,Lakers,LAL,lakers,Los Angeles,derek_fisher,1996,2013,N,Y,Y,1996,1,24,N,965
2033,Marcus,Fizer,Marcus Fizer,"Fizer, Marcus",M. Fizer,marcus-fizer,1978-08-10T00:00:00,Iowa State,USA,Iowa State/USA,,,6,,,Inactive,N,0,,,,,marcus_fizer,2000,2007,Y,Y,Y,2000,1,4,N,2033
2784,Luis,Flores,Luis Flores,"Flores, Luis",L. Flores,luis-flores,1981-04-11T00:00:00,Manhattan,USA,Manhattan/USA,6-2,195,2,12,Guard,Inactive,N,1610612744,Warriors,GSW,warriors,Golden State,luis_flores,2004,2004,N,Y,Y,2004,2,55,N,2784
1504,Danny,Fortson,Danny Fortson,"Fortson, Danny",D. Fortson,danny-fortson,1976-03-27T00:00:00,Cincinnati,USA,Cincinnati/USA,6-8,260,10,21,Center-Forward,Inactive,N,1610612743,Nuggets,DEN,nuggets,Denver,danny_fortson,1997,2006,N,Y,Y,1997,1,10,N,1504
1902,Jeff,Foster,Jeff Foster,"Foster, Jeff",J. Foster,jeff-foster,1977-01-16T00:00:00,Southwest Texas State,USA,Southwest Texas State/USA,6-11,250,13,10,Forward-Center,Inactive,N,1610612754,Pacers,IND,pacers,Indiana,jeff_foster,1999,2011,N,Y,Y,1999,1,21,N,1902
1502,Adonal,Foyle,Adonal Foyle,"Foyle, Adonal",A. Foyle,adonal-foyle,1975-03-09T00:00:00,Colgate,St. Vincent & Grenadines,Colgate/St. Vincent & Grenadines,6-10,270,13,31,Center,Inactive,N,1610612744,Warriors,GSW,warriors,Golden State,adonal_foyle,1997,2009,N,Y,Y,1997,1,8,N,1502
2499,Richie,Frahm,Richie Frahm,"Frahm, Richie",R. Frahm,richie-frahm,1977-08-14T00:00:00,Gonzaga,USA,Gonzaga/USA,6-5,202,4,,Guard,Inactive,N,0,,,,,richie_frahm,2002,2007,Y,Y,Y,Undrafted,Undrafted,Undrafted,N,2499
1883,Steve,Francis,Steve Francis,"Francis, Steve",S. Francis,steve-francis,1977-02-21T00:00:00,Maryland,USA,Maryland/USA,6-3,210,10,3,Guard,Inactive,N,1610612745,Rockets,HOU,rockets,Houston,steve_francis,1999,2007,N,Y,Y,1999,1,2,N,1883
1444,Lawrence,Funderburke,Lawrence Funderburke,"Funderburke, Lawrence",L. Funderburke,lawrence-funderburke,1970-12-15T00:00:00,Ohio State,USA,Ohio State/USA,6-9,230,8,51,Forward,Inactive,N,1610612758,Kings,SAC,kings,Sacramento,lawrence_funderburke,1997,2004,N,Y,Y,1994,2,51,N,1444
2429,Dan,Gadzuric,Dan Gadzuric,"Gadzuric, Dan",D. Gadzuric,dan-gadzuric,1978-02-02T00:00:00,UCLA,Netherlands,UCLA/Netherlands,6-11,240,11,50,Center,Inactive,N,1610612749,Bucks,MIL,bucks,Milwaukee,dan_gadzuric,2002,2011,Y,Y,Y,2002,2,33,N,2429
2558,Reece,Gaines,Reece Gaines,"Gaines, Reece",R. Gaines,reece-gaines,1981-01-07T00:00:00,Louisville,USA,Louisville/USA,6-6,205,3,,Guard,Inactive,N,0,,,,,reece_gaines,2003,2005,Y,Y,Y,2003,1,15,N,2558
708,Kevin,Garnett,Kevin Garnett,"Garnett, Kevin",K. Garnett,kevin-garnett,1976-05-19T00:00:00,Farragut Academy HS (IL),USA,Farragut Academy HS (IL)/USA,6-11,240,22,21,Forward,Inactive,N,1610612750,Timberwolves,MIN,timberwolves,Minnesota,kevin_garnett,1995,2015,N,Y,Y,1995,1,5,Y,708
1727,Pat,Garrity,Pat Garrity,"Garrity, Pat",P. Garrity,pat-garrity,1976-08-23T00:00:00,Notre Dame,USA,Notre Dame/USA,6-9,238,11,8,Forward,Inactive,N,1610612753,Magic,ORL,magic,Orlando,pat_garrity,1998,2007,N,Y,Y,1998,1,19,N,1727
2200,Pau,Gasol,Pau Gasol,"Gasol, Pau",P. Gasol,pau-gasol,1980-07-06T00:00:00,FC Barcelona,Spain,FC Barcelona/Germany,7-0,250,19,16,Center-Forward,Inactive,N,1610612747,Lakers,LAL,lakers,Los Angeles,pau_gasol,2001,2018,N,Y,Y,2001,1,3,N,2200
1904,Devean,George,Devean George,"George, Devean",D. George,devean-george,1977-08-29T00:00:00,Augsburg,USA,Augsburg/USA,6-8,235,12,19,Forward,Inactive,N,1610612747,Lakers,LAL,lakers,Los Angeles,devean_george,1999,2009,N,Y,Y,1999,1,23,N,1904
2109,Eddie,Gill,Eddie Gill,"Gill, Eddie",E. Gill,eddie-gill,1978-08-16T00:00:00,Weber State,USA,Weber State/USA,6-0,190,8,,Guard,Inactive,N,0,,,,,eddie_gill,2000,2008,Y,Y,Y,Undrafted,Undrafted,Undrafted,N,2109
1938,Manu,Ginobili,Manu Ginobili,"Ginobili, Manu",M. Ginobili,manu-ginobili,1977-07-28T00:00:00,Virtus Bologna,Argentina,Virtus Bologna/Argentina,6-6,205,16,20,Guard,Inactive,N,1610612759,Spurs,SAS,spurs,San Antonio,manu_ginobili,2002,2017,N,Y,Y,1999,2,57,N,1938
1921,Gordan,Giricek,Gordan Giricek,"Giricek, Gordan",G. Giricek,gordan-giricek,1977-06-20T00:00:00,CSKA Moscow,Croatia,CSKA Moscow/Croatia,6-6,220,7,2,Guard,Inactive,N,1610612762,Jazz,UTA,jazz,Utah,gordan_giricek,2002,2007,N,Y,Y,1999,2,40,N,1921
924,Anthony,Goldwire,Anthony Goldwire,"Goldwire, Anthony",A. Goldwire,anthony-goldwire,1971-09-06T00:00:00,Houston,USA,Houston/USA,6-2,182,8,,Guard,Inactive,N,0,,,,,anthony_goldwire,1995,2005,N,Y,Y,1994,2,52,N,924
2400,Drew,Gooden,Drew Gooden,"Gooden, Drew",D. Gooden,drew-gooden,1981-09-24T00:00:00,Kansas,USA,Kansas/USA,6-10,250,15,90,Forward,Inactive,N,1610612739,Cavaliers,CLE,cavaliers,Cleveland,drew_gooden,2002,2015,N,Y,Y,2002,1,4,N,2400
2732,Ben,Gordon,Ben Gordon,"Gordon, Ben",B. Gordon,ben-gordon,1983-04-04T00:00:00,Connecticut,USA,Connecticut/USA,6-3,205,12,7,Guard,Inactive,N,1610612741,Bulls,CHI,bulls,Chicago,ben_gordon,2004,2014,Y,Y,Y,2004,1,3,N,2732
258,Brian,Grant,Brian Grant,"Grant, Brian",B. Grant,brian-grant,1972-03-05T00:00:00,Xavier,USA,Xavier/USA,6-9,254,13,55,Forward-Center,Inactive,N,1610612748,Heat,MIA,heat,Miami,brian_grant,1994,2005,N,Y,Y,1994,1,8,N,258
2584,Willie,Green,Willie Green,"Green, Willie",W. Green,willie-green,1981-07-28T00:00:00,Detroit Mercy,USA,Detroit/USA,6-3,205,12,34,Guard,Inactive,N,1610612755,76ers,PHI,sixers,Philadelphia,willie_green,2003,2014,N,Y,Y,2003,2,41,N,2584
1559,Adrian,Griffin,Adrian Griffin,"Griffin, Adrian",A. Griffin,adrian-griffin,1974-07-04T00:00:00,Seton Hall,USA,Seton Hall/USA,6-5,230,10,44,Guard-Forward,Inactive,N,1610612742,Mavericks,DAL,mavericks,Dallas,adrian_griffin,1999,2007,N,Y,Y,Undrafted,Undrafted,Undrafted,N,1559
2204,Eddie,Griffin,Eddie Griffin,"Griffin, Eddie",E. Griffin,eddie-griffin,1982-05-30T00:00:00,Seton Hall,USA,Seton Hall/USA,6-9,222,5,,Forward,Inactive,N,0,,,,,eddie_griffin,2001,2006,N,Y,Y,2001,1,7,N,2204
339,Tom,Gugliotta,Tom Gugliotta,"Gugliotta, Tom",T. Gugliotta,tom-gugliotta,1969-12-19T00:00:00,North Carolina State,USA,North Carolina State/USA,6-10,250,14,7,Forward,Inactive,N,1610612756,Suns,PHX,suns,Phoenix,tom_gugliotta,1992,2004,N,Y,Y,1992,1,6,N,339
2775,Seung-Jin,Ha,Ha Ha,"Ha, Ha",H. Ha,seung-jin-ha,1985-08-04T00:00:00,Yonsei,South Korea,Yonsei/South Korea,7-3,305,3,5,Center,Inactive,N,1610612757,Trail Blazers,POR,blazers,Portland,seung-jin_ha,2004,2005,Y,Y,Y,2004,2,46,N,2775
1032,Darvin,Ham,Darvin Ham,"Ham, Darvin",D. Ham,darvin-ham,1973-07-23T00:00:00,Texas Tech,USA,Texas Tech/USA,6-7,240,9,8,Forward-Guard,Inactive,N,1610612749,Bucks,MIL,bucks,Milwaukee,darvin_ham,1996,2004,Y,Y,Y,Undrafted,Undrafted,Undrafted,N,1032
1888,Richard,Hamilton,Richard Hamilton,"Hamilton, Richard",R. Hamilton,richard-hamilton,1978-02-14T00:00:00,Connecticut,USA,Connecticut/USA,6-7,193,15,32,Guard,Inactive,N,1610612765,Pistons,DET,pistons,Detroit,richard_hamilton,1999,2012,N,Y,Y,1999,1,7,N,1888
1052,Ben,Handlogten,Ben Handlogten,"Handlogten, Ben",B. Handlogten,ben-handlogten,1973-11-16T00:00:00,Western Michigan,USA,Western Michigan/USA,6-10,240,3,44,Center,Inactive,N,1610612762,Jazz,UTA,jazz,Utah,ben_handlogten,2003,2004,N,Y,Y,Undrafted,Undrafted,Undrafted,N,1052
1723,Matt,Harpring,Matt Harpring,"Harpring, Matt",M. Harpring,matt-harpring,1976-05-31T00:00:00,Georgia Tech,USA,Georgia Tech/USA,6-7,230,12,15,Forward,Inactive,N,1610612762,Jazz,UTA,jazz,Utah,matt_harpring,1998,2008,N,Y,Y,1998,1,15,N,1723
1733,Al,Harrington,Al Harrington,"Harrington, Al",A. Harrington,al-harrington,1980-02-17T00:00:00,St. Patrick HS (NJ),USA,St. Patrick HS (NJ)/USA,6-9,245,16,7,Forward,Inactive,N,1610612754,Pacers,IND,pacers,Indiana,al_harrington,1998,2013,N,Y,Y,1998,1,25,N,1733
970,Othella,Harrington,Othella Harrington,"Harrington, Othella",O. Harrington,othella-harrington,1974-01-31T00:00:00,Georgetown,USA,Georgetown/USA,6-9,235,13,24,Forward-Center,Inactive,N,1610612752,Knicks,NYK,knicks,New York,othella_harrington,1996,2007,Y,Y,Y,1996,2,30,N,970
2734,Devin,Harris,Devin Harris,"Harris, Devin",D. Harris,devin-harris,1983-02-27T00:00:00,Wisconsin,USA,Wisconsin/USA,6-3,185,16,34,Guard,Inactive,N,1610612742,Mavericks,DAL,mavericks,Dallas,devin_harris,2004,2018,N,Y,Y,2004,1,5,N,2734
2078,Jason,Hart,Jason Hart,"Hart, Jason",J. Hart,jason-hart,1978-04-29T00:00:00,Syracuse,USA,Syracuse/USA,6-3,180,10,,Guard,Inactive,N,0,,,,,jason_hart,2000,2009,N,Y,Y,2000,2,49,N,2078
2617,Udonis,Haslem,Udonis Haslem,"Haslem, Udonis",U. Haslem,udonis-haslem,1980-06-09T00:00:00,Florida,USA,Florida/USA,6-7,235,21,40,Forward,Inactive,N,1610612748,Heat,MIA,heat,Miami,udonis_haslem,2003,2022,N,Y,Y,Undrafted,Undrafted,Undrafted,N,2617
2239,Trenton,Hassell,Trenton Hassell,"Hassell, Trenton",T. Hassell,trenton-hassell,1979-03-04T00:00:00,Austin Peay,USA,Austin Peay/USA,6-5,227,10,44,Forward-Guard,Inactive,N,1610612750,Timberwolves,MIN,timberwolves,Minnesota,trenton_hassell,2001,2009,N,Y,Y,2001,2,29,N,2239
2217,Brendan,Haywood,Brendan Haywood,"Haywood, Brendan",B. Haywood,brendan-haywood,1979-11-27T00:00:00,North Carolina,USA,North Carolina/USA,7-0,263,13,33,Center,Inactive,N,1610612764,Wizards,WAS,wizards,Washington,brendan_haywood,2001,2014,N,Y,Y,2001,1,20,N,2217
673,Alan,Henderson,Alan Henderson,"Henderson, Alan",A. Henderson,alan-henderson,1972-12-02T00:00:00,Indiana,USA,Indiana/USA,6-9,240,13,44,Forward-Center,Inactive,N,1610612737,Hawks,ATL,hawks,Atlanta,alan_henderson,1995,2006,N,Y,Y,1995,1,16,N,673
2403,,Nene,Nene,Nene,Nene,-nene,1982-09-13T00:00:00,Vasco de Gama,Brazil,Vasco de Gama/Brazil,6-11,250,18,42,Center-Forward,Inactive,N,1610612743,Nuggets,DEN,nuggets,Denver,nene_hilario,2002,2018,N,Y,Y,2002,1,7,N,2403
2550,Kirk,Hinrich,Kirk Hinrich,"Hinrich, Kirk",K. Hinrich,kirk-hinrich,1981-01-02T00:00:00,Kansas,USA,Kansas/USA,6-4,190,14,12,Guard,Inactive,N,1610612741,Bulls,CHI,bulls,Chicago,kirk_hinrich,2003,2015,N,Y,Y,2003,1,7,N,2550
697,Fred,Hoiberg,Fred Hoiberg,"Hoiberg, Fred",F. Hoiberg,fred-hoiberg,1972-10-15T00:00:00,Iowa State,USA,Iowa State/USA,6-5,210,11,32,Guard,Inactive,N,1610612741,Bulls,CHI,bulls,Chicago,fred_hoiberg,1995,2004,N,Y,Y,1995,2,52,N,697
109,Robert,Horry,Robert Horry,"Horry, Robert",R. Horry,robert-horry,1970-08-25T00:00:00,Alabama,USA,Alabama/USA,6-10,240,17,25,Forward-Center,Inactive,N,1610612747,Lakers,LAL,lakers,Los Angeles,robert_horry,1992,2007,N,Y,Y,1992,1,11,N,109
2067,Eddie,House,Eddie House,"House, Eddie",E. House,eddie-house,1978-05-14T00:00:00,Arizona State,USA,Arizona State/USA,6-1,190,12,55,Guard,Inactive,N,1610612748,Heat,MIA,heat,Miami,eddie_house,2000,2010,N,Y,Y,2000,2,37,N,2067
2730,Dwight,Howard,Dwight Howard,"Howard, Dwight",D. Howard,dwight-howard,1985-12-08T00:00:00,SW Atlanta Christian Academy (GA),USA,SW Atlanta Christian Academy (GA)/USA,6-10,265,19,39,Center-Forward,Inactive,N,1610612747,Lakers,LAL,lakers,Los Angeles,dwight_howard,2004,2021,N,Y,Y,2004,1,1,N,2730
2572,Josh,Howard,Josh Howard,"Howard, Josh",J. Howard,josh-howard,1980-04-28T00:00:00,Wake Forest,USA,Wake Forest/USA,6-7,210,10,,Forward-Guard,Inactive,N,0,,,,,josh_howard,2003,2012,Y,Y,Y,2003,1,29,N,2572
1716,Larry,Hughes,Larry Hughes,"Hughes, Larry",L. Hughes,larry-hughes,1979-01-23T00:00:00,St. Louis,USA,St. Louis/USA,6-5,185,13,,Guard,Inactive,N,0,,,,,larry_hughes,1998,2011,N,Y,Y,1998,1,8,N,1716
2743,Kris,Humphries,Kris Humphries,"Humphries, Kris",K. Humphries,kris-humphries,1985-02-06T00:00:00,Minnesota,USA,Minnesota/USA,6-9,235,14,43,Forward,Inactive,N,1610612751,Nets,BKN,nets,Brooklyn,kris_humphries,2004,2016,N,Y,Y,2004,1,14,N,2743
2599,Brandon,Hunter,Brandon Hunter,"Hunter, Brandon",B. Hunter,brandon-hunter,1980-11-24T00:00:00,Ohio,USA,Ohio/USA,6-7,266,3,34,Forward,Inactive,N,1610612738,Celtics,BOS,celtics,Boston,brandon_hunter,2003,2004,N,Y,Y,2003,2,56,N,2599
283,Lindsey,Hunter,Lindsey Hunter,"Hunter, Lindsey",L. Hunter,lindsey-hunter,1970-12-03T00:00:00,Jackson State,USA,Jackson State/USA,6-2,195,17,,Guard,Inactive,N,0,,,,,lindsey_hunter,1993,2009,N,Y,Y,1993,1,10,N,283
2212,Steven,Hunter,Steven Hunter,"Hunter, Steven",S. Hunter,steven-hunter,1981-10-31T00:00:00,DePaul,USA,DePaul/USA,7-0,240,9,45,Center,Inactive,N,1610612753,Magic,ORL,magic,Orlando,steven_hunter,2001,2009,N,Y,Y,2001,1,15,N,2212
2738,Andre,Iguodala,Andre Iguodala,"Iguodala, Andre",A. Iguodala,andre-iguodala,1984-01-28T00:00:00,Arizona,USA,Arizona/USA,6-6,215,20,9,Guard-Forward,Inactive,N,1610612744,Warriors,GSW,warriors,Golden State,andre_iguodala,2004,2022,N,Y,Y,2004,1,9,N,2738
980,Zydrunas,Ilgauskas,Zydrunas Ilgauskas,"Ilgauskas, Zydrunas",Z. Ilgauskas,zydrunas-ilgauskas,1975-06-05T00:00:00,Atletas Kaunas,Lithuania,Atletas Kaunas/Lithuania,7-3,260,14,11,Center,Inactive,N,1610612739,Cavaliers,CLE,cavaliers,Cleveland,zydrunas_ilgauskas,1997,2010,N,Y,Y,1996,1,20,N,980
947,Allen,Iverson,Allen Iverson,"Iverson, Allen",A. Iverson,allen-iverson,1975-06-07T00:00:00,Georgetown,USA,Georgetown/USA,6-0,165,15,3,Guard,Inactive,N,1610612755,76ers,PHI,sixers,Philadelphia,allen_iverson,1996,2009,N,Y,Y,1996,1,1,Y,947
2767,Royal,Ivey,Royal Ivey,"Ivey, Royal",R. Ivey,royal-ivey,1981-12-20T00:00:00,Texas,USA,Texas/USA,6-4,200,10,,Guard,Inactive,N,0,,,,,royal_ivey,2004,2013,N,Y,Y,2004,2,37,N,2767
1517,Bobby,Jackson,Bobby Jackson,"Jackson, Bobby",B. Jackson,bobby-jackson,1973-03-13T00:00:00,Minnesota,USA,Minnesota/USA,6-1,185,13,24,Guard,Inactive,N,1610612758,Kings,SAC,kings,Sacramento,bobby_jackson,1997,2008,N,Y,Y,1997,1,23,N,1517
1983,Jermaine,Jackson,Jermaine Jackson,"Jackson, Jermaine",J. Jackson,jermaine-jackson,1976-06-07T00:00:00,Detroit,USA,Detroit/USA,6-5,204,6,5,Guard,Inactive,N,1610612761,Raptors,TOR,raptors,Toronto,jermaine_jackson,1999,2005,Y,Y,Y,Undrafted,Undrafted,Undrafted,N,1983
754,Jim,Jackson,Jim Jackson,"Jackson, Jim",J. Jackson,jim-jackson,1970-10-14T00:00:00,Ohio State,USA,Ohio State/USA,6-6,220,14,24,Forward-Guard,Inactive,N,1610612742,Mavericks,DAL,mavericks,Dallas,jim_jackson,1992,2005,N,Y,Y,1992,1,4,N,754
1531,Marc,Jackson,Marc Jackson,"Jackson, Marc",M. Jackson,marc-jackson,1975-01-16T00:00:00,Temple,USA,Temple/USA,6-10,253,8,44,Forward,Inactive,N,1610612755,76ers,PHI,sixers,Philadelphia,marc_jackson,2000,2006,N,Y,Y,1997,2,37,N,1531
1536,Stephen,Jackson,Stephen Jackson,"Jackson, Stephen",S. Jackson,stephen-jackson,1978-04-05T00:00:00,Butler C.C. (KS),USA,Butler C.C. (KS)/USA,6-8,220,14,,Guard-Forward,Inactive,N,0,,,,,stephen_jackson,2000,2013,N,Y,Y,1997,2,42,N,1536
2418,Casey,Jacobsen,Casey Jacobsen,"Jacobsen, Casey",C. Jacobsen,casey-jacobsen,1981-03-19T00:00:00,Stanford,USA,Stanford/USA,6-6,215,5,23,Guard,Inactive,N,1610612756,Suns,PHX,suns,Phoenix,casey_jacobsen,2002,2007,N,Y,Y,2002,1,22,N,2418
1744,Jerome,James,Jerome James,"James, Jerome",J. James,jerome-james,1975-11-17T00:00:00,Florida A&M,USA,Florida A&M/USA,7-1,285,10,31,Center,Inactive,N,1610612760,SuperSonics,SEA,thunder,Seattle,jerome_james,1998,2008,N,Y,Y,1998,2,36,N,1744
2544,LeBron,James,LeBron James,"James, LeBron",L. James,lebron-james,1984-12-30T00:00:00,St. Vincent-St. Mary HS (OH),USA,St. Vincent-St. Mary HS (OH)/USA,6-9,250,21,23,Forward,Active,Y,1610612747,Lakers,LAL,lakers,Los Angeles,lebron_james,2003,2024,N,Y,Y,2003,1,1,Y,2544
2229,Mike,James,Mike James,"James, Mike",M. James,mike-james,1975-06-23T00:00:00,Duquesne,USA,Duquesne/USA,6-2,188,12,8,Guard,Inactive,N,1610612748,Heat,MIA,heat,Miami,mike_james,2001,2013,Y,Y,Y,Undrafted,Undrafted,Undrafted,N,2229
1712,Antawn,Jamison,Antawn Jamison,"Jamison, Antawn",A. Jamison,antawn-jamison,1976-06-12T00:00:00,North Carolina,USA,North Carolina/USA,6-9,235,16,,Forward,Inactive,N,0,,,,,antawn_jamison,1998,2013,N,Y,Y,1998,1,4,N,1712
2060,Marko,Jaric,Marko Jaric,"Jaric, Marko",M. Jaric,marko-jaric,1978-12-10T00:00:00,Virtus Bologna,Serbia,Virtus Bologna/Serbia,6-7,224,8,55,Guard,Inactive,N,1610612750,Timberwolves,MIN,timberwolves,Minnesota,marko_jaric,2002,2008,N,Y,Y,2000,2,30,N,2060
2744,Al,Jefferson,Al Jefferson,"Jefferson, Al",A. Jefferson,al-jefferson,1985-01-04T00:00:00,No College,USA,Prentiss HS (MS)/USA,6-10,280,14,25,Center,Inactive,N,1610612762,Jazz,UTA,jazz,Utah,al_jefferson,2004,2017,N,Y,Y,2004,1,15,N,2744
2210,Richard,Jefferson,Richard Jefferson,"Jefferson, Richard",R. Jefferson,richard-jefferson,1980-06-21T00:00:00,Arizona,USA,Arizona/USA,6-7,233,18,22,Forward,Inactive,N,1610612751,Nets,NJN,nets,New Jersey,richard_jefferson,2001,2017,N,Y,Y,2001,1,13,N,2210
2407,Jared,Jeffries,Jared Jeffries,"Jeffries, Jared",J. Jeffries,jared-jeffries,1981-11-25T00:00:00,Indiana,USA,Indiana/USA,6-11,240,12,1,Forward,Inactive,N,1610612752,Knicks,NYK,knicks,New York,jared_jeffries,2002,2012,N,Y,Y,2002,1,11,N,2407
2798,Horace,Jenkins,Horace Jenkins,"Jenkins, Horace",H. Jenkins,horace-jenkins,1974-10-14T00:00:00,William Paterson,USA,William Paterson/USA,6-1,180,2,5,Guard,Inactive,N,1610612765,Pistons,DET,pistons,Detroit,horace_jenkins,2004,2004,N,Y,Y,Undrafted,Undrafted,Undrafted,N,2798
1533,Anthony,Johnson,Anthony Johnson,"Johnson, Anthony",A. Johnson,anthony-johnson,1974-10-02T00:00:00,College of Charleston,USA,College of Charleston/USA,6-3,195,14,8,Guard,Inactive,N,1610612754,Pacers,IND,pacers,Indiana,anthony_johnson,1997,2009,N,Y,Y,1997,2,39,N,1533
2035,DerMarr,Johnson,DerMarr Johnson,"Johnson, DerMarr",D. Johnson,dermarr-johnson,1980-05-05T00:00:00,Cincinnati,USA,Cincinnati/USA,6-9,210,8,1,Forward-Guard,Inactive,N,1610612743,Nuggets,DEN,nuggets,Denver,dermarr_johnson,2000,2007,Y,Y,Y,2000,1,6,N,2035
911,Ervin,Johnson,Ervin Johnson,"Johnson, Ervin",E. Johnson,ervin-johnson,1967-12-21T00:00:00,New Orleans,USA,New Orleans/USA,6-11,245,13,40,Center,Inactive,N,1610612749,Bucks,MIL,bucks,Milwaukee,ervin_johnson,1993,2005,N,Y,Y,1993,1,23,N,911
2207,Joe,Johnson,Joe Johnson,"Johnson, Joe",J. Johnson,joe-johnson,1981-06-29T00:00:00,Arkansas,USA,Arkansas/USA,6-7,240,18,,Guard-Forward,Inactive,N,0,,,,,joe_johnson,2001,2021,N,Y,Y,2001,1,10,N,2207
2563,Dahntay,Jones,Dahntay Jones,"Jones, Dahntay",D. Jones,dahntay-jones,1980-12-27T00:00:00,Duke,USA,Duke/USA,6-6,225,14,30,Guard-Forward,Inactive,N,1610612763,Grizzlies,MEM,grizzlies,Memphis,dahntay_jones,2003,2016,Y,Y,Y,2003,1,20,N,2563
1800,Damon,Jones,Damon Jones,"Jones, Damon",D. Jones,damon-jones,1976-08-25T00:00:00,Houston,USA,Houston/USA,6-3,195,12,19,Guard,Inactive,N,1610612739,Cavaliers,CLE,cavaliers,Cleveland,damon_jones,1998,2008,Y,Y,Y,Undrafted,Undrafted,Undrafted,N,1800
224,Eddie,Jones,Eddie Jones,"Jones, Eddie",E. Jones,eddie-jones,1971-10-20T00:00:00,Temple,USA,Temple/USA,6-6,200,15,6,Guard-Forward,Inactive,N,1610612748,Heat,MIA,heat,Miami,eddie_jones,1994,2007,N,Y,Y,1994,1,10,N,224
2410,Fred,Jones,Fred Jones,"Jones, Fred",F. Jones,fred-jones,1979-03-11T00:00:00,Oregon,USA,Oregon/USA,6-2,225,8,2,Guard,Inactive,N,1610612754,Pacers,IND,pacers,Indiana,fred_jones,2002,2008,N,Y,Y,2002,1,14,N,2410
2592,James,Jones,James Jones,"Jones, James",J. Jones,james-jones,1980-10-04T00:00:00,Miami,USA,Miami/USA,6-8,218,15,1,Guard-Forward,Inactive,N,1610612748,Heat,MIA,heat,Miami,james_jones,2003,2016,N,Y,Y,2003,2,49,N,2592
1908,Jumaine,Jones,Jumaine Jones,"Jones, Jumaine",J. Jones,jumaine-jones,1979-02-10T00:00:00,Georgia,USA,Georgia/USA,6-8,230,9,20,Forward,Inactive,N,1610612739,Cavaliers,CLE,cavaliers,Cleveland,jumaine_jones,1999,2006,N,Y,Y,1999,1,27,N,1908
2891,Mark,Jones,Mark Jones,"Jones, Mark",M. Jones,mark-jones,1975-05-25T00:00:00,St. Bonaventure,USA,St. Bonaventure/USA,6-6,215,1,7,Guard,Inactive,N,1610612753,Magic,ORL,magic,Orlando,mark_jones,1983,2004,Y,Y,Y,1983,4,82,N,2891
2549,Chris,Kaman,Chris Kaman,"Kaman, Chris",C. Kaman,chris-kaman,1982-04-28T00:00:00,Central Michigan,USA,Central Michigan/USA,7-0,265,14,35,Center,Inactive,N,1610612746,Clippers,LAC,clippers,Los Angeles,chris_kaman,2003,2015,N,Y,Y,2003,1,6,N,2549
2574,Jason,Kapono,Jason Kapono,"Kapono, Jason",J. Kapono,jason-kapono,1981-02-02T00:00:00,UCLA,USA,UCLA/USA,6-8,215,9,,Forward,Inactive,N,0,,,,,jason_kapono,2003,2011,N,Y,Y,2003,2,31,N,2574
2435,Mario,Kasun,Mario Kasun,"Kasun, Mario",M. Kasun,mario-kasun,1980-04-05T00:00:00,Skyliners Frankfurt,Croatia,Skyliners Frankfurt/Croatia,7-1,260,2,41,Center,Inactive,N,1610612753,Magic,ORL,magic,Orlando,mario_kasun,2004,2005,N,Y,Y,2002,2,40,N,2435
2751,Viktor,Khryapa,Viktor Khryapa,"Khryapa, Viktor",V. Khryapa,viktor-khryapa,1982-08-03T00:00:00,CSKA Moscow,Russia,CSKA Moscow/Russia,,,4,,,Inactive,N,0,,,,,viktor_khryapa,2004,2008,N,Y,Y,2004,1,22,N,2751
467,Jason,Kidd,Jason Kidd,"Kidd, Jason",J. Kidd,jason-kidd,1973-03-23T00:00:00,California,USA,California/USA,6-4,210,19,5,Guard,Inactive,N,1610612751,Nets,NJN,nets,New Jersey,jason_kidd,1994,2012,N,Y,Y,1994,1,2,Y,467
1510,Brevin,Knight,Brevin Knight,"Knight, Brevin",B. Knight,brevin-knight,1975-11-08T00:00:00,Stanford,USA,Stanford/USA,5-10,166,13,2,Guard,Inactive,N,1610612739,Cavaliers,CLE,cavaliers,Cleveland,brevin_knight,1997,2008,N,Y,Y,1997,1,16,N,1510
2594,Kyle,Korver,Kyle Korver,"Korver, Kyle",K. Korver,kyle-korver,1981-03-17T00:00:00,Creighton,USA,Creighton/USA,6-7,212,18,26,Guard-Forward,Inactive,N,1610612755,76ers,PHI,sixers,Philadelphia,kyle_korver,2003,2019,N,Y,Y,2003,2,51,N,2594
2420,Nenad,Krstic,Nenad Krstic,"Krstic, Nenad",N. Krstic,nenad-krstic,1983-07-25T00:00:00,Partizan,Serbia,Partizan/Serbia,7-0,240,8,4,Center,Inactive,N,1610612751,Nets,NJN,nets,New Jersey,nenad_krstic,2004,2010,N,Y,Y,2002,1,24,N,2420
389,Toni,Kukoc,Toni Kukoc,"Kukoc, Toni",T. Kukoc,toni-kukoc,1968-09-18T00:00:00,Benetton Treviso,Croatia,Benetton Treviso/Croatia,6-11,235,13,7,Forward,Inactive,N,1610612741,Bulls,CHI,bulls,Chicago,toni_kukoc,1993,2005,N,Y,Y,1990,2,29,N,389
1711,Raef,LaFrentz,Raef LaFrentz,"LaFrentz, Raef",R. LaFrentz,raef-lafrentz,1976-05-29T00:00:00,Kansas,USA,Kansas/USA,6-11,240,11,9,Center-Forward,Inactive,N,1610612743,Nuggets,DEN,nuggets,Denver,raef_lafrentz,1998,2008,N,Y,Y,1998,1,3,N,1711
363,Christian,Laettner,Christian Laettner,"Laettner, Christian",C. Laettner,christian-laettner,1969-08-17T00:00:00,Duke,USA,Duke/USA,6-11,245,14,44,Forward-Center,Inactive,N,1610612750,Timberwolves,MIN,timberwolves,Minnesota,christian_laettner,1992,2004,N,Y,Y,1992,1,3,N,363
2573,Maciej,Lampe,Maciej Lampe,"Lampe, Maciej",M. Lampe,maciej-lampe,1985-02-05T00:00:00,Real Madrid,Poland,Real Madrid/Poland,6-11,275,3,15,Forward,Inactive,N,1610612756,Suns,PHX,suns,Phoenix,maciej_lampe,2003,2005,N,Y,Y,2003,2,30,N,2573
702,Voshon,Lenard,Voshon Lenard,"Lenard, Voshon",V. Lenard,voshon-lenard,1973-05-14T00:00:00,Minnesota,USA,Minnesota/USA,6-4,215,11,0,Guard,Inactive,N,1610612748,Heat,MIA,heat,Miami,voshon_lenard,1995,2005,N,Y,Y,1994,2,46,N,702
1740,Rashard,Lewis,Rashard Lewis,"Lewis, Rashard",R. Lewis,rashard-lewis,1979-08-08T00:00:00,Elsik HS (TX),USA,Elsik HS (TX)/USA,6-10,235,16,9,Forward,Inactive,N,1610612760,SuperSonics,SEA,thunder,Seattle,rashard_lewis,1998,2013,N,Y,Y,1998,2,32,N,1740
988,Randy,Livingston,Randy Livingston,"Livingston, Randy",R. Livingston,randy-livingston,1975-04-02T00:00:00,Louisiana State,USA,Louisiana State/USA,6-4,209,11,14,Guard,Inactive,N,1610612756,Suns,PHX,suns,Phoenix,randy_livingston,1996,2006,Y,Y,Y,1996,2,42,N,988
2733,Shaun,Livingston,Shaun Livingston,"Livingston, Shaun",S. Livingston,shaun-livingston,1985-09-11T00:00:00,Peoria Central HS (IL),USA,Peoria Central HS (IL)/USA,6-7,192,16,34,Guard,Inactive,N,1610612744,Warriors,GSW,warriors,Golden State,shaun_livingston,2004,2018,Y,Y,Y,2004,1,4,N,2733
1731,Tyronn,Lue,Tyronn Lue,"Lue, Tyronn",T. Lue,tyronn-lue,1977-05-03T00:00:00,Nebraska,USA,Nebraska/USA,6-0,175,12,10,Guard,Inactive,N,1610612737,Hawks,ATL,hawks,Atlanta,tyronn_lue,1998,2008,N,Y,Y,1998,1,23,N,1731
248,George,Lynch,George Lynch,"Lynch, George",G. Lynch,george-lynch,1970-09-03T00:00:00,North Carolina,USA,North Carolina/USA,6-8,235,13,9,Forward,Inactive,N,1610612740,Hornets,NOH,pelicans,New Orleans,george_lynch,1993,2004,N,Y,Y,1993,1,12,N,248
2048,Jamaal,Magloire,Jamaal Magloire,"Magloire, Jamaal",J. Magloire,jamaal-magloire,1978-05-21T00:00:00,Kentucky,Canada,Kentucky/Canada,6-11,265,13,21,Center,Inactive,N,1610612740,Hornets,NOH,pelicans,New Orleans,jamaal_magloire,2000,2011,N,Y,Y,2000,1,19,N,2048
950,Stephon,Marbury,Stephon Marbury,"Marbury, Stephon",S. Marbury,stephon-marbury,1977-02-20T00:00:00,Georgia Tech,USA,Georgia Tech/USA,6-2,205,14,8,Guard,Inactive,N,1610612752,Knicks,NYK,knicks,New York,stephon_marbury,1996,2008,N,Y,Y,1996,1,4,N,950
1890,Shawn,Marion,Shawn Marion,"Marion, Shawn",S. Marion,shawn-marion,1978-05-07T00:00:00,UNLV,USA,UNLV/USA,6-7,228,16,31,Guard-Forward,Inactive,N,1610612756,Suns,PHX,suns,Phoenix,shawn_marion,1999,2014,N,Y,Y,1999,1,9,N,1890
1752,Sean,Marks,Sean Marks,"Marks, Sean",S. Marks,sean-marks,1975-08-23T00:00:00,California,New Zealand,California/New Zealand,6-10,250,11,,Forward-Center,Inactive,N,0,,,,,sean_marks,1998,2010,N,Y,Y,1998,2,44,N,1752
2030,Kenyon,Martin,Kenyon Martin,"Martin, Kenyon",K. Martin,kenyon-martin,1977-12-30T00:00:00,Cincinnati,USA,Cincinnati/USA,6-9,225,15,,Forward,Inactive,N,0,,,,,kenyon_martin,2000,2014,N,Y,Y,2000,1,1,N,2030
2755,Kevin,Martin,Kevin Martin,"Martin, Kevin",K. Martin,kevin-martin,1983-02-01T00:00:00,Western Carolina,USA,Western Carolina/USA,6-7,199,13,23,Guard,Inactive,N,1610612758,Kings,SAC,kings,Sacramento,kevin_martin,2004,2015,N,Y,Y,2004,1,26,N,2755
2046,Desmond,Mason,Desmond Mason,"Mason, Desmond",D. Mason,desmond-mason,1977-10-11T00:00:00,Oklahoma State,USA,Oklahoma State/USA,6-5,222,10,,Guard,Inactive,N,0,,,,,desmond_mason,2000,2009,N,Y,Y,2000,1,17,N,2046
763,Tony,Massenburg,Tony Massenburg,"Massenburg, Tony",T. Massenburg,tony-massenburg,1967-07-31T00:00:00,Maryland,USA,Maryland/USA,6-9,250,14,34,Forward-Center,Inactive,N,1610612763,Grizzlies,MEM,grizzlies,Memphis,tony_massenburg,1990,2004,N,Y,Y,1990,2,43,N,763
962,Walter,McCarty,Walter McCarty,"McCarty, Walter",W. McCarty,walter-mccarty,1974-02-01T00:00:00,Kentucky,USA,Kentucky/USA,6-10,245,10,0,Forward,Inactive,N,1610612738,Celtics,BOS,celtics,Boston,walter_mccarty,1996,2005,N,Y,Y,1996,1,19,N,962
686,Antonio,McDyess,Antonio McDyess,"McDyess, Antonio",A. McDyess,antonio-mcdyess,1974-09-07T00:00:00,Alabama,USA,Alabama/USA,6-9,245,16,34,Forward-Center,Inactive,N,1610612765,Pistons,DET,pistons,Detroit,antonio_mcdyess,1995,2010,N,Y,Y,1995,1,2,N,686
1503,Tracy,McGrady,Tracy McGrady,"McGrady, Tracy",T. McGrady,tracy-mcgrady,1979-05-24T00:00:00,Mount Zion Christian Academy (NC),USA,Mount Zion Christian Academy (NC)/USA,6-8,225,17,1,Guard-Forward,Inactive,N,1610612745,Rockets,HOU,rockets,Houston,tracy_mcgrady,1997,2012,N,Y,Y,1997,1,9,N,1503
976,Jeff,McInnis,Jeff McInnis,"McInnis, Jeff",J. McInnis,jeff-mcinnis,1974-10-22T00:00:00,North Carolina,USA,North Carolina/USA,6-4,190,11,,Guard,Inactive,N,0,,,,,jeff_mcinnis,1996,2007,N,Y,Y,1996,2,37,N,976
243,Aaron,McKie,Aaron McKie,"McKie, Aaron",A. McKie,aaron-mckie,1972-10-02T00:00:00,Temple,USA,Temple/USA,6-5,209,14,2,Guard,Inactive,N,1610612755,76ers,PHI,sixers,Philadelphia,aaron_mckie,1994,2006,N,Y,Y,1994,1,17,N,243
2693,Keith,McLeod,Keith McLeod,"McLeod, Keith",K. McLeod,keith-mcleod,1979-11-05T00:00:00,Bowling Green,USA,Bowling Green/USA,6-2,190,5,20,Guard,Inactive,N,1610612762,Jazz,UTA,jazz,Utah,keith_mcleod,2003,2006,Y,Y,Y,Undrafted,Undrafted,Undrafted,N,2693
2098,Slava,Medvedenko,Slava Medvedenko,"Medvedenko, Slava",S. Medvedenko,slava-medvedenko,1979-04-04T00:00:00,Kyiv,Ukraine,Kyiv/Ukraine,6-10,253,8,3,Forward,Inactive,N,1610612747,Lakers,LAL,lakers,Los Angeles,slava_medvedenko,2000,2006,N,Y,Y,Undrafted,Undrafted,Undrafted,N,2098
2036,Chris,Mihm,Chris Mihm,"Mihm, Chris",C. Mihm,chris-mihm,1979-07-16T00:00:00,Texas,USA,Texas/USA,7-0,265,9,4,Center,Inactive,N,1610612739,Cavaliers,CLE,cavaliers,Cleveland,chris_mihm,2000,2008,N,Y,Y,2000,1,7,N,2036
2032,Darius,Miles,Darius Miles,"Miles, Darius",D. Miles,darius-miles,1981-10-09T00:00:00,No College,USA,East St. Louis HS (IL)/USA,6-9,235,8,3,Forward,Inactive,N,1610612746,Clippers,LAC,clippers,Los Angeles,darius_miles,2000,2008,N,Y,Y,2000,1,3,N,2032
2545,Darko,Milicic,Darko Milicic,"Milicic, Darko",D. Milicic,darko-milicic,1985-06-20T00:00:00,Hemoform,Serbia,Hemoform/Serbia,7-0,275,10,,Center,Inactive,N,0,,,,,darko_milicic,2003,2012,N,Y,Y,2003,1,2,N,2545
1889,Andre,Miller,Andre Miller,"Miller, Andre",A. Miller,andre-miller,1976-03-19T00:00:00,Utah,USA,Utah/USA,6-3,200,18,24,Guard,Inactive,N,1610612743,Nuggets,DEN,nuggets,Denver,andre_miller,1999,2015,N,Y,Y,1999,1,8,N,1889
1802,Brad,Miller,Brad Miller,"Miller, Brad",B. Miller,brad-miller,1976-04-12T00:00:00,Purdue,USA,Purdue/USA,7-0,261,15,52,Center-Forward,Inactive,N,1610612758,Kings,SAC,kings,Sacramento,brad_miller,1998,2011,N,Y,Y,Undrafted,Undrafted,Undrafted,N,1802
2034,Mike,Miller,Mike Miller,"Miller, Mike",M. Miller,mike-miller,1980-02-19T00:00:00,Florida,USA,Florida/USA,6-8,218,18,3,Guard-Forward,Inactive,N,1610612763,Grizzlies,MEM,grizzlies,Memphis,mike_miller,2000,2016,N,Y,Y,2000,1,5,N,2034
397,Reggie,Miller,Reggie Miller,"Miller, Reggie",R. Miller,reggie-miller,1965-08-24T00:00:00,UCLA,USA,UCLA/USA,6-7,195,19,31,Guard,Inactive,N,1610612754,Pacers,IND,pacers,Indiana,reggie_miller,1987,2004,N,Y,Y,1987,1,11,Y,397
1749,Cuttino,Mobley,Cuttino Mobley,"Mobley, Cuttino",C. Mobley,cuttino-mobley,1975-09-01T00:00:00,Rhode Island,USA,Rhode Island/USA,6-4,215,12,32,Guard,Inactive,N,1610612745,Rockets,HOU,rockets,Houston,cuttino_mobley,1998,2008,N,Y,Y,1998,2,41,N,1749
1737,Nazr,Mohammed,Nazr Mohammed,"Mohammed, Nazr",N. Mohammed,nazr-mohammed,1977-09-05T00:00:00,Kentucky,USA,Kentucky/USA,6-10,250,19,13,Center,Inactive,N,1610612766,Bobcats,CHA,hornets,Charlotte,nazr_mohammed,1998,2015,N,Y,Y,1998,1,29,N,1737
1630,Mikki,Moore,Mikki Moore,"Moore, Mikki",M. Moore,mikki-moore,1975-11-04T00:00:00,Nebraska,USA,Nebraska/USA,7-0,225,14,31,Forward-Center,Inactive,N,1610612765,Pistons,DET,pistons,Detroit,mikki_moore,1998,2011,N,Y,Y,Undrafted,Undrafted,Undrafted,N,1630
297,Alonzo,Mourning,Alonzo Mourning,"Mourning, Alonzo",A. Mourning,alonzo-mourning,1970-02-08T00:00:00,Georgetown,USA,Georgetown/USA,6-10,261,16,33,Center,Inactive,N,1610612748,Heat,MIA,heat,Miami,alonzo_mourning,1992,2007,N,Y,Y,1992,1,2,N,297
2211,Troy,Murphy,Troy Murphy,"Murphy, Troy",T. Murphy,troy-murphy,1980-05-02T00:00:00,Notre Dame,USA,Notre Dame/USA,6-11,245,12,,Forward-Center,Inactive,N,0,,,,,troy_murphy,2001,2012,N,Y,Y,2001,1,14,N,2211
2436,Flip,Murray,Flip Murray,"Murray, Flip",R. Murray,flip-murray,1979-07-29T00:00:00,Shaw,USA,Shaw/USA,6-3,200,9,6,Guard,Inactive,N,1610612760,SuperSonics,SEA,thunder,Seattle,flip_murray,2002,2009,Y,Y,Y,2002,2,41,N,2436
441,Lamond,Murray,Lamond Murray,"Murray, Lamond",L. Murray,lamond-murray,1973-04-20T00:00:00,California,USA,California/USA,6-7,235,11,31,Forward,Inactive,N,1610612746,Clippers,LAC,clippers,Los Angeles,lamond_murray,1994,2005,N,Y,Y,1994,1,7,N,441
87,Dikembe,Mutombo,Dikembe Mutombo,"Mutombo, Dikembe",D. Mutombo,dikembe-mutombo,1966-06-25T00:00:00,Georgetown,Congo,Georgetown/Congo,7-2,260,19,55,Center,Inactive,N,1610612743,Nuggets,DEN,nuggets,Denver,dikembe_mutombo,1991,2008,N,Y,Y,1991,1,4,N,87
2055,Mamadou,N'diaye,Mamadou N'diaye,"N'diaye, Mamadou",M. N'diaye,mamadou-ndiaye,1975-06-16T00:00:00,Auburn,Senegal,Auburn/Senegal,7-0,255,6,34,Center,Inactive,N,1610612761,Raptors,TOR,raptors,Toronto,mamadou_n'diaye,2000,2004,N,Y,Y,2000,1,26,N,2055
2411,Bostjan,Nachbar,Bostjan Nachbar,"Nachbar, Bostjan",B. Nachbar,bostjan-nachbar,1980-07-03T00:00:00,Benetton Treviso,Slovenia,Benetton Treviso/Slovenia,6-9,221,7,7,Forward,Inactive,N,1610612751,Nets,NJN,nets,New Jersey,bostjan_nachbar,2002,2007,N,Y,Y,2002,1,15,N,2411
1924,Lee,Nailon,Lee Nailon,"Nailon, Lee",L. Nailon,lee-nailon,1975-02-22T00:00:00,TCU,USA,TCU/USA,6-9,241,6,,Forward,Inactive,N,0,,,,,lee_nailon,2000,2005,N,Y,Y,1999,2,43,N,1924
2059,Eduardo,Najera,Eduardo Najera,"Najera, Eduardo",E. Najera,eduardo-najera,1976-07-11T00:00:00,Oklahoma,Mexico,Oklahoma/Mexico,6-8,235,13,21,Forward,Inactive,N,1610612743,Nuggets,DEN,nuggets,Denver,eduardo_najera,2000,2011,N,Y,Y,2000,2,38,N,2059
959,Steve,Nash,Steve Nash,"Nash, Steve",S. Nash,steve-nash,1974-02-07T00:00:00,Santa Clara,Canada,Santa Clara/Canada,6-3,178,19,10,Guard,Inactive,N,1610612756,Suns,PHX,suns,Phoenix,steve_nash,1996,2013,N,Y,Y,1996,1,15,Y,959
2749,Jameer,Nelson,Jameer Nelson,"Nelson, Jameer",J. Nelson,jameer-nelson,1982-02-09T00:00:00,St. Joseph's (PA),USA,St. Joseph's (PA)/USA,6-0,190,15,41,Guard,Inactive,N,1610612753,Magic,ORL,magic,Orlando,jameer_nelson,2004,2017,N,Y,Y,2004,1,20,N,2749
1725,Rasho,Nesterovic,Rasho Nesterovic,"Nesterovic, Rasho",R. Nesterovic,rasho-nesterovic,1976-05-30T00:00:00,Virtus Bologna,Slovenia,Virtus Bologna/Slovenia,7-0,255,13,12,Center,Inactive,N,1610612750,Timberwolves,MIN,timberwolves,Minnesota,rasho_nesterovic,1998,2009,N,Y,Y,1998,1,17,N,1725
1956,Ira,Newble,Ira Newble,"Newble, Ira",I. Newble,ira-newble,1975-01-20T00:00:00,Miami (Ohio),USA,Miami (Ohio)/USA,6-7,220,9,14,Guard-Forward,Inactive,N,1610612739,Cavaliers,CLE,cavaliers,Cleveland,ira_newble,2000,2007,N,Y,Y,Undrafted,Undrafted,Undrafted,N,1956
2804,Andres,Nocioni,Andres Nocioni,"Nocioni, Andres",A. Nocioni,andres-nocioni,1979-11-30T00:00:00,Tau Ceramica,Argentina,Tau Ceramica/Argentina,,,8,,,Inactive,N,0,,,,,andres_nocioni,2004,2016,N,Y,Y,Undrafted,Undrafted,Undrafted,N,2804
983,Moochie,Norris,Moochie Norris,"Norris, Moochie",M. Norris,moochie-norris,1973-07-27T00:00:00,West Florida,USA,West Florida/USA,6-1,185,9,25,Guard,Inactive,N,1610612745,Rockets,HOU,rockets,Houston,moochie_norris,1996,2005,N,Y,Y,1996,2,33,N,983
1717,Dirk,Nowitzki,Dirk Nowitzki,"Nowitzki, Dirk",D. Nowitzki,dirk-nowitzki,1978-06-19T00:00:00,DJK Wurzburg,Germany,DJK Wurzburg/Germany,7-0,245,22,41,Forward,Inactive,N,1610612742,Mavericks,DAL,mavericks,Dallas,dirk_nowitzki,1998,2018,N,Y,Y,1998,1,9,Y,1717
979,Jermaine,O'Neal,Jermaine O'Neal,"O'Neal, Jermaine",J. O'Neal,jermaine-oneal,1978-10-13T00:00:00,Eau Claire HS (SC),USA,Eau Claire HS (SC)/USA,6-11,255,18,7,Center-Forward,Inactive,N,1610612754,Pacers,IND,pacers,Indiana,jermaine_o'neal,1996,2013,N,Y,Y,1996,1,17,N,979
406,Shaquille,O'Neal,Shaquille O'Neal,"O'Neal, Shaquille",S. O'Neal,shaquille-oneal,1972-03-06T00:00:00,Louisiana State,USA,Louisiana State/USA,7-1,325,19,34,Center,Inactive,N,1610612747,Lakers,LAL,lakers,Los Angeles,shaquille_o'neal,1992,2010,N,Y,Y,1992,1,1,Y,406
2731,Emeka,Okafor,Emeka Okafor,"Okafor, Emeka",E. Okafor,emeka-okafor,1982-09-28T00:00:00,Connecticut,USA,Connecticut/USA,6-10,255,11,50,Center,Inactive,N,1610612766,Bobcats,CHA,hornets,Charlotte,emeka_okafor,2004,2017,Y,Y,Y,2004,1,2,N,2731
2246,Mehmet,Okur,Mehmet Okur,"Okur, Mehmet",M. Okur,mehmet-okur,1979-05-26T00:00:00,Efes Pilsen,Turkey,Efes Pilsen/Turkey,6-11,260,10,,Center,Inactive,N,0,,,,,mehmet_okur,2002,2011,N,Y,Y,2001,2,37,N,2246
1563,Kevin,Ollie,Kevin Ollie,"Ollie, Kevin",K. Ollie,kevin-ollie,1972-12-27T00:00:00,Connecticut,USA,Connecticut/USA,6-2,195,14,7,Guard,Inactive,N,1610612755,76ers,PHI,sixers,Philadelphia,kevin_ollie,1997,2009,N,Y,Y,Undrafted,Undrafted,Undrafted,N,1563
1709,Michael,Olowokandi,Michael Olowokandi,"Olowokandi, Michael",M. Olowokandi,michael-olowokandi,1975-04-03T00:00:00,Pacific,Nigeria,Pacific/Nigeria,7-0,270,10,41,Center,Inactive,N,1610612746,Clippers,LAC,clippers,Los Angeles,michael_olowokandi,1998,2006,N,Y,Y,1998,1,1,N,1709
731,Greg,Ostertag,Greg Ostertag,"Ostertag, Greg",G. Ostertag,greg-ostertag,1973-03-06T00:00:00,Kansas,USA,Kansas/USA,7-2,280,11,,Center,Inactive,N,0,,,,,greg_ostertag,1995,2005,Y,Y,Y,1995,1,28,N,731
448,Bo,Outlaw,Bo Outlaw,"Outlaw, Bo",B. Outlaw,bo-outlaw,1971-04-13T00:00:00,Houston,USA,Houston/USA,6-8,220,15,,Forward,Inactive,N,0,,,,,bo_outlaw,1993,2007,N,Y,Y,Undrafted,Undrafted,Undrafted,N,448
2566,Travis,Outlaw,Travis Outlaw,"Outlaw, Travis",T. Outlaw,travis-outlaw,1984-09-18T00:00:00,Starkville HS (MS),USA,Starkville HS (MS)/USA,6-9,207,11,25,Forward,Inactive,N,1610612757,Trail Blazers,POR,blazers,Portland,travis_outlaw,2003,2013,N,Y,Y,2003,1,23,N,2566
2585,Zaza,Pachulia,Zaza Pachulia,"Pachulia, Zaza",Z. Pachulia,zaza-pachulia,1984-02-10T00:00:00,Ulkerspor,Georgia,Ulkerspor/Georgia,6-11,270,17,27,Center,Inactive,N,1610612737,Hawks,ATL,hawks,Atlanta,zaza_pachulia,2003,2018,N,Y,Y,2003,2,42,N,2585
1909,Scott,Padgett,Scott Padgett,"Padgett, Scott",S. Padgett,scott-padgett,1976-04-19T00:00:00,Kentucky,USA,Kentucky/USA,6-9,240,8,,Forward,Inactive,N,0,,,,,scott_padgett,1999,2006,N,Y,Y,1999,1,28,N,1909
1960,Milt,Palacio,Milt Palacio,"Palacio, Milt",M. Palacio,milt-palacio,1978-02-07T00:00:00,Colorado State,Belize,Colorado State/Belize,6-4,210,7,3,Guard,Inactive,N,1610612761,Raptors,TOR,raptors,Toronto,milt_palacio,1999,2005,N,Y,Y,Undrafted,Undrafted,Undrafted,N,1960
2457,Jannero,Pargo,Jannero Pargo,"Pargo, Jannero",J. Pargo,jannero-pargo,1979-10-22T00:00:00,Arkansas,USA,Arkansas/USA,6-1,185,11,,Guard,Inactive,N,0,,,,,jannero_pargo,2002,2014,Y,Y,Y,Undrafted,Undrafted,Undrafted,N,2457
2225,Tony,Parker,Tony Parker,"Parker, Tony",T. Parker,tony-parker,1982-05-17T00:00:00,Paris Basket Racing,France,Paris Basket Racing/France,6-2,185,19,9,Guard,Inactive,N,1610612759,Spurs,SAS,spurs,San Antonio,tony_parker,2001,2018,N,Y,Y,2001,1,28,N,2225
1739,Ruben,Patterson,Ruben Patterson,"Patterson, Ruben",R. Patterson,ruben-patterson,1975-07-31T00:00:00,Cincinnati,USA,Cincinnati/USA,6-5,223,11,,Forward,Inactive,N,0,,,,,ruben_patterson,1998,2007,N,Y,Y,1998,2,31,N,1739
2562,Sasha,Pavlovic,Sasha Pavlovic,"Pavlovic, Sasha",S. Pavlovic,sasha-pavlovic,1983-11-15T00:00:00,Buducnost,Montenegro,Buducnost/Montenegro,6-7,235,11,3,Guard-Forward,Inactive,N,1610612739,Cavaliers,CLE,cavaliers,Cleveland,sasha_pavlovic,2003,2012,N,Y,Y,2003,1,19,N,2562
56,Gary,Payton,Gary Payton,"Payton, Gary",G. Payton,gary-payton,1968-07-23T00:00:00,Oregon State,USA,Oregon State/USA,6-4,190,18,20,Guard,Inactive,N,1610612760,SuperSonics,SEA,thunder,Seattle,gary_payton,1990,2006,N,Y,Y,1990,1,2,Y,56
324,Anthony,Peeler,Anthony Peeler,"Peeler, Anthony",A. Peeler,anthony-peeler,1969-11-25T00:00:00,Missouri,USA,Missouri/USA,6-4,208,14,8,Guard,Inactive,N,1610612750,Timberwolves,MIN,timberwolves,Minnesota,anthony_peeler,1992,2004,N,Y,Y,1992,1,15,N,324
2570,Kendrick,Perkins,Kendrick Perkins,"Perkins, Kendrick",K. Perkins,kendrick-perkins,1984-11-10T00:00:00,Clifton J. Ozen HS (TX),USA,Clifton J. Ozen HS (TX)/USA,6-10,270,14,21,Center,Inactive,N,1610612738,Celtics,BOS,celtics,Boston,kendrick_perkins,2003,2017,Y,Y,Y,2003,1,27,N,2570
445,Wesley,Person,Wesley Person,"Person, Wesley",W. Person,wesley-person,1971-03-28T00:00:00,Auburn,USA,Auburn/USA,6-6,200,12,10,Guard-Forward,Inactive,N,1610612739,Cavaliers,CLE,cavaliers,Cleveland,wesley_person,1994,2004,N,Y,Y,1994,1,23,N,445
2050,Morris,Peterson,Morris Peterson,"Peterson, Morris",M. Peterson,morris-peterson,1977-08-26T00:00:00,Michigan State,USA,Michigan State/USA,6-7,220,11,,Guard,Inactive,N,0,,,,,morris_peterson,2000,2010,N,Y,Y,2000,1,21,N,2050
15,Eric,Piatkowski,Eric Piatkowski,"Piatkowski, Eric",E. Piatkowski,eric-piatkowski,1970-09-30T00:00:00,Nebraska,USA,Nebraska/USA,6-7,215,15,52,Guard-Forward,Inactive,N,1610612746,Clippers,LAC,clippers,Los Angeles,eric_piatkowski,1994,2007,N,Y,Y,1994,1,15,N,15
1718,Paul,Pierce,Paul Pierce,"Pierce, Paul",P. Pierce,paul-pierce,1977-10-13T00:00:00,Kansas,USA,Kansas/USA,6-7,235,20,34,Forward,Inactive,N,1610612738,Celtics,BOS,celtics,Boston,paul_pierce,1998,2016,N,Y,Y,1998,1,10,Y,1718
2554,Mickael,Pietrus,Mickael Pietrus,"Pietrus, Mickael",M. Pietrus,mickael-pietrus,1982-02-07T00:00:00,Pau Orthez,France,Pau Orthez/France,6-6,215,11,20,Forward,Inactive,N,1610612744,Warriors,GSW,warriors,Golden State,mickael_pietrus,2003,2012,N,Y,Y,2003,1,11,N,2554
2565,Zoran,Planinic,Zoran Planinic,"Planinic, Zoran",Z. Planinic,zoran-planinic,1982-09-12T00:00:00,Cibona,Croatia,Cibona/Croatia,,,3,,,Inactive,N,0,,,,,zoran_planinic,2003,2008,N,Y,Y,2003,1,22,N,2565
1513,Scot,Pollard,Scot Pollard,"Pollard, Scot",S. Pollard,scot-pollard,1975-02-12T00:00:00,Kansas,USA,Kansas/USA,6-11,278,12,66,Center-Forward,Inactive,N,1610612758,Kings,SAC,kings,Sacramento,scot_pollard,1997,2007,N,Y,Y,1997,1,19,N,1513
998,Mark,Pope,Mark Pope,"Pope, Mark",M. Pope,mark-pope,1972-09-11T00:00:00,Kentucky,USA,Kentucky/USA,6-10,235,7,41,Center-Forward,Inactive,N,1610612749,Bucks,MIL,bucks,Milwaukee,mark_pope,1997,2004,N,Y,Y,1996,2,52,N,998
1899,James,Posey,James Posey,"Posey, James",J. Posey,james-posey,1977-01-13T00:00:00,Xavier,USA,Xavier/USA,6-8,217,13,41,Forward,Inactive,N,1610612743,Nuggets,DEN,nuggets,Denver,james_posey,1999,2010,N,Y,Y,1999,1,18,N,1899
958,Vitaly,Potapenko,Vitaly Potapenko,"Potapenko, Vitaly",V. Potapenko,vitaly-potapenko,1975-03-21T00:00:00,Wright State,Ukraine,Wright State/Ukraine,6-10,285,12,20,Center-Forward,Inactive,N,1610612738,Celtics,BOS,celtics,Boston,vitaly_potapenko,1996,2006,N,Y,Y,1996,1,12,N,958
2419,Tayshaun,Prince,Tayshaun Prince,"Prince, Tayshaun",T. Prince,tayshaun-prince,1980-02-28T00:00:00,Kentucky,USA,Kentucky/USA,6-9,212,15,12,Forward,Inactive,N,1610612765,Pistons,DET,pistons,Detroit,tayshaun_prince,2002,2015,N,Y,Y,2002,1,23,N,2419
1919,Laron,Profit,Laron Profit,"Profit, Laron",L. Profit,laron-profit,1977-08-05T00:00:00,Maryland,USA,Maryland/USA,6-5,204,4,,Guard-Forward,Inactive,N,0,,,,,laron_profit,1999,2005,N,Y,Y,1999,2,38,N,1919
2038,Joel,Przybilla,Joel Przybilla,"Przybilla, Joel",J. Przybilla,joel-przybilla,1979-10-10T00:00:00,Minnesota,USA,Minnesota/USA,7-1,245,14,10,Center,Inactive,N,1610612757,Trail Blazers,POR,blazers,Portland,joel_przybilla,2000,2012,N,Y,Y,2000,1,9,N,2038
2209,Vladimir,Radmanovic,Vladimir Radmanovic,"Radmanovic, Vladimir",V. Radmanovic,vladimir-radmanovic,1980-11-19T00:00:00,FMP,Serbia,FMP/Serbia,6-10,235,13,77,Forward,Inactive,N,1610612760,SuperSonics,SEA,thunder,Seattle,vladimir_radmanovic,2001,2012,N,Y,Y,2001,1,12,N,2209
689,Theo,Ratliff,Theo Ratliff,"Ratliff, Theo",T. Ratliff,theo-ratliff,1973-04-17T00:00:00,Wyoming,USA,Wyoming/USA,6-10,235,17,50,Center,Inactive,N,1610612755,76ers,PHI,sixers,Philadelphia,theo_ratliff,1995,2010,N,Y,Y,1995,1,18,N,689
1442,Zeljko,Rebraca,Zeljko Rebraca,"Rebraca, Zeljko",Z. Rebraca,zeljko-rebraca,1972-04-09T00:00:00,Panathinaikos,Serbia,Panathinaikos/Serbia,7-0,265,6,11,Center,Inactive,N,1610612765,Pistons,DET,pistons,Detroit,zeljko_rebraca,2001,2005,N,Y,Y,1994,2,54,N,1442
2072,Michael,Redd,Michael Redd,"Redd, Michael",M. Redd,michael-redd,1979-08-24T00:00:00,Ohio State,USA,Ohio State/USA,6-6,215,13,22,Guard,Inactive,N,1610612749,Bucks,MIL,bucks,Milwaukee,michael_redd,2000,2011,N,Y,Y,2000,2,43,N,2072
2770,Justin,Reed,Justin Reed,"Reed, Justin",J. Reed,justin-reed,1982-01-16T00:00:00,Mississippi,USA,Mississippi/USA,6-8,240,4,,Forward,Inactive,N,0,,,,,justin_reed,2004,2006,Y,Y,Y,2004,2,40,N,2770
2876,Jared,Reiner,Jared Reiner,"Reiner, Jared",J. Reiner,jared-reiner,1982-04-08T00:00:00,Iowa,USA,Iowa/USA,6-11,255,3,55,Center,Inactive,N,1610612749,Bucks,MIL,bucks,Milwaukee,jared_reiner,2004,2006,Y,Y,Y,Undrafted,Undrafted,Undrafted,N,2876
2202,Jason,Richardson,Jason Richardson,"Richardson, Jason",J. Richardson,jason-richardson,1981-01-20T00:00:00,Michigan State,USA,Michigan State/USA,6-6,225,14,23,Guard,Inactive,N,1610612744,Warriors,GSW,warriors,Golden State,jason_richardson,2001,2014,N,Y,Y,2001,1,5,N,2202
2047,Quentin,Richardson,Quentin Richardson,"Richardson, Quentin",Q. Richardson,quentin-richardson,1980-04-13T00:00:00,DePaul,USA,DePaul/USA,6-6,228,14,55,Forward,Inactive,N,1610612746,Clippers,LAC,clippers,Los Angeles,quentin_richardson,2000,2012,N,Y,Y,2000,1,18,N,2047
2557,Luke,Ridnour,Luke Ridnour,"Ridnour, Luke",L. Ridnour,luke-ridnour,1981-02-13T00:00:00,Oregon,USA,Oregon/USA,6-2,175,12,13,Guard,Inactive,N,1610612760,SuperSonics,SEA,thunder,Seattle,luke_ridnour,2003,2014,N,Y,Y,2003,1,14,N,2557
2774,Bernard,Robinson,Bernard Robinson,"Robinson, Bernard",B. Robinson,bernard-robinson,1980-12-26T00:00:00,Michigan,USA,Michigan/USA,6-6,210,4,22,Guard-Forward,Inactive,N,1610612766,Bobcats,CHA,hornets,Charlotte,bernard_robinson,2004,2006,N,Y,Y,2004,2,45,N,2774
361,Clifford,Robinson,Clifford Robinson,"Robinson, Clifford",C. Robinson,clifford-robinson,1966-12-16T00:00:00,Connecticut,USA,Connecticut/USA,6-10,245,18,30,Forward-Center,Inactive,N,1610612757,Trail Blazers,POR,blazers,Portland,clifford_robinson,1989,2006,N,Y,Y,1989,2,36,N,361
299,Glenn,Robinson,Glenn Robinson,"Robinson, Glenn",G. Robinson,glenn-robinson,1973-01-10T00:00:00,Purdue,USA,Purdue/USA,6-7,240,12,3,Forward,Inactive,N,1610612749,Bucks,MIL,bucks,Milwaukee,glenn_robinson,1994,2004,N,Y,Y,1994,1,1,N,299
915,Rodney,Rogers,Rodney Rogers,"Rogers, Rodney",R. Rogers,rodney-rogers,1971-06-20T00:00:00,Wake Forest,USA,Wake Forest/USA,6-7,270,13,54,Forward,Inactive,N,1610612746,Clippers,LAC,clippers,Los Angeles,rodney_rogers,1993,2004,N,Y,Y,1993,1,9,N,915
147,Jalen,Rose,Jalen Rose,"Rose, Jalen",J. Rose,jalen-rose,1973-01-30T00:00:00,Michigan,USA,Michigan/USA,6-8,215,14,8,Guard-Forward,Inactive,N,1610612754,Pacers,IND,pacers,Indiana,jalen_rose,1994,2006,N,Y,Y,1994,1,13,N,147
990,Malik,Rose,Malik Rose,"Rose, Malik",M. Rose,malik-rose,1974-11-23T00:00:00,Drexel,USA,Drexel/USA,6-7,255,14,9,Forward,Inactive,N,1610612759,Spurs,SAS,spurs,San Antonio,malik_rose,1996,2008,N,Y,Y,1996,2,44,N,990
2624,Quinton,Ross,Quinton Ross,"Ross, Quinton",Q. Ross,quinton-ross,1981-04-30T00:00:00,Southern Methodist,USA,Southern Methodist/USA,6-6,193,7,,Forward-Guard,Inactive,N,0,,,,,quinton_ross,2004,2010,Y,Y,Y,Undrafted,Undrafted,Undrafted,N,2624
1913,Michael,Ruffin,Michael Ruffin,"Ruffin, Michael",M. Ruffin,michael-ruffin,1977-01-21T00:00:00,Tulsa,USA,Tulsa/USA,6-8,248,10,51,Forward-Center,Inactive,N,1610612764,Wizards,WAS,wizards,Washington,michael_ruffin,1999,2008,N,Y,Y,1999,2,32,N,1913
935,Bryon,Russell,Bryon Russell,"Russell, Bryon",B. Russell,bryon-russell,1970-12-31T00:00:00,Long Beach State,USA,Long Beach State/USA,6-7,225,13,,Guard-Forward,Inactive,N,0,,,,,bryon_russell,1993,2005,N,Y,Y,1993,2,45,N,935
2422,John,Salmons,John Salmons,"Salmons, John",J. Salmons,john-salmons,1979-12-12T00:00:00,Miami,USA,Miami/USA,6-6,210,13,,Forward,Inactive,N,0,,,,,john_salmons,2002,2014,N,Y,Y,2002,1,26,N,2422
2091,Daniel,Santiago,Daniel Santiago,"Santiago, Daniel",D. Santiago,daniel-santiago,1976-06-24T00:00:00,St. Vincent,Puerto Rico,St. Vincent/Puerto Rico,7-1,256,5,15,Center,Inactive,N,1610612749,Bucks,MIL,bucks,Milwaukee,daniel_santiago,2000,2004,N,Y,Y,Undrafted,Undrafted,Undrafted,N,2091
2243,Brian,Scalabrine,Brian Scalabrine,"Scalabrine, Brian",B. Scalabrine,brian-scalabrine,1978-03-18T00:00:00,Southern California,USA,Southern California/USA,6-9,235,12,24,Forward,Inactive,N,1610612738,Celtics,BOS,celtics,Boston,brian_scalabrine,2001,2011,N,Y,Y,2001,2,34,N,2243
2321,Paul,Shirley,Paul Shirley,"Shirley, Paul",P. Shirley,paul-shirley,1977-12-23T00:00:00,Iowa State,USA,Iowa State/USA,6-10,230,4,17,Forward,Inactive,N,1610612756,Suns,PHX,suns,Phoenix,paul_shirley,2002,2004,N,Y,Y,Undrafted,Undrafted,Undrafted,N,2321
2250,Bobby,Simmons,Bobby Simmons,"Simmons, Bobby",B. Simmons,bobby-simmons,1980-06-02T00:00:00,DePaul,USA,DePaul/USA,6-6,235,11,21,Forward,Inactive,N,1610612746,Clippers,LAC,clippers,Los Angeles,bobby_simmons,2001,2011,Y,Y,Y,2001,2,41,N,2250
1730,Brian,Skinner,Brian Skinner,"Skinner, Brian",B. Skinner,brian-skinner,1976-05-19T00:00:00,Baylor,USA,Baylor/USA,6-9,255,14,,Forward-Center,Inactive,N,0,,,,,brian_skinner,1998,2011,N,Y,Y,1998,1,22,N,1730
2764,Donta,Smith,Donta Smith,"Smith, Donta",D. Smith,donta-smith,1983-11-27T00:00:00,Southeastern Illinois,USA,Southeastern Illinois/USA,6-7,215,2,15,Guard,Inactive,N,1610612737,Hawks,ATL,hawks,Atlanta,donta_smith,2004,2005,Y,Y,Y,2004,2,34,N,2764
2747,JR,Smith,JR Smith,"Smith, JR",J. Smith,jr-smith,1985-09-09T00:00:00,No College,USA,St. Benedict's Prep (NJ)/USA,6-6,220,17,21,Guard,Inactive,N,1610612743,Nuggets,DEN,nuggets,Denver,jr_smith,2004,2019,N,Y,Y,2004,1,18,N,2747
2074,Jabari,Smith,Jabari Smith,"Smith, Jabari",J. Smith,jabari-smith,1977-02-12T00:00:00,Louisiana State,USA,Louisiana State/USA,6-11,250,5,55,Center,Inactive,N,1610612758,Kings,SAC,kings,Sacramento,jabari_smith,2000,2004,N,Y,Y,2000,2,45,N,2074
2746,Josh,Smith,Josh Smith,"Smith, Josh",J. Smith,josh-smith,1985-12-05T00:00:00,Oak Hill Academy (VA),USA,Oak Hill Academy (VA)/USA,6-9,225,13,,Forward,Inactive,N,0,,,,,josh_smith,2004,2017,N,Y,Y,2004,1,17,N,2746
120,Steven,Smith,Steven Smith,"Smith, Steven",S. Smith,steven-smith,1969-03-31T00:00:00,Michigan State,USA,Michigan State/USA,6-8,221,15,8,Guard-Forward,Inactive,N,1610612737,Hawks,ATL,hawks,Atlanta,steven_smith,1991,2004,N,Y,Y,1991,1,5,N,120
727,Eric,Snow,Eric Snow,"Snow, Eric",E. Snow,eric-snow,1973-04-24T00:00:00,Michigan State,USA,Michigan State/USA,6-3,205,14,20,Guard,Inactive,N,1610612755,76ers,PHI,sixers,Philadelphia,eric_snow,1995,2007,N,Y,Y,1995,2,43,N,727
2745,Kirk,Snyder,Kirk Snyder,"Snyder, Kirk",K. Snyder,kirk-snyder,1983-06-05T00:00:00,Nevada,USA,Nevada/USA,6-6,225,5,30,Forward-Guard,Inactive,N,1610612740,Hornets,NOK,pelicans,New Orleans/Oklahoma City,kirk_snyder,2004,2007,N,Y,Y,2004,1,16,N,2745
2443,Darius,Songaila,Darius Songaila,"Songaila, Darius",D. Songaila,darius-songaila,1978-02-14T00:00:00,Wake Forest,Lithuania,Wake Forest/Lithuania,6-9,248,9,25,Forward,Inactive,N,1610612764,Wizards,WAS,wizards,Washington,darius_songaila,2003,2010,N,Y,Y,2002,2,49,N,2443
2776,Pape,Sow,Pape Sow,"Sow, Pape",P. Sow,pape-sow,1981-11-22T00:00:00,California State-Fullerton,Senegal,California State-Fullerton/Senegal,6-10,250,4,9,Forward,Inactive,N,1610612761,Raptors,TOR,raptors,Toronto,pape_sow,2004,2006,Y,Y,Y,2004,2,47,N,2776
84,Latrell,Sprewell,Latrell Sprewell,"Sprewell, Latrell",L. Sprewell,latrell-sprewell,1970-09-08T00:00:00,Alabama,USA,Alabama/USA,6-5,195,14,8,Guard,Inactive,N,1610612744,Warriors,GSW,warriors,Golden State,latrell_sprewell,1992,2004,N,Y,Y,1992,1,24,N,84
711,Jerry,Stackhouse,Jerry Stackhouse,"Stackhouse, Jerry",J. Stackhouse,jerry-stackhouse,1974-11-05T00:00:00,North Carolina,USA,North Carolina/USA,6-6,218,19,42,Forward,Inactive,N,1610612765,Pistons,DET,pistons,Detroit,jerry_stackhouse,1995,2012,N,Y,Y,1995,1,3,N,711
2052,DeShawn,Stevenson,DeShawn Stevenson,"Stevenson, DeShawn",D. Stevenson,deshawn-stevenson,1981-04-03T00:00:00,Washington Union HS (CA),USA,Washington Union HS (CA)/USA,6-5,218,14,92,Forward-Guard,Inactive,N,1610612764,Wizards,WAS,wizards,Washington,deshawn_stevenson,2000,2012,N,Y,Y,2000,1,23,N,2052
1565,Michael,Stewart,Michael Stewart,"Stewart, Michael",M. Stewart,michael-stewart,1975-04-25T00:00:00,California,USA,California/USA,6-10,230,9,44,Center,Inactive,N,1610612761,Raptors,TOR,raptors,Toronto,michael_stewart,1997,2004,N,Y,Y,Undrafted,Undrafted,Undrafted,N,1565
978,Peja,Stojakovic,Peja Stojakovic,"Stojakovic, Peja",P. Stojakovic,peja-stojakovic,1977-06-09T00:00:00,PAOK,Serbia,PAOK/Serbia,6-10,229,14,16,Forward,Inactive,N,1610612758,Kings,SAC,kings,Sacramento,peja_stojakovic,1998,2010,N,Y,Y,1996,1,14,N,978
757,Damon,Stoudamire,Damon Stoudamire,"Stoudamire, Damon",D. Stoudamire,damon-stoudamire,1973-09-03T00:00:00,Arizona,USA,Arizona/USA,5-10,171,14,3,Guard,Inactive,N,1610612757,Trail Blazers,POR,blazers,Portland,damon_stoudamire,1995,2007,N,Y,Y,1995,1,7,N,757
2405,Amar'e,Stoudemire,Amar'e Stoudemire,"Stoudemire, Amar'e",A. Stoudemire,amare-stoudemire,1982-11-16T00:00:00,Cypress Creek HS (FL),USA,Cypress Creek HS (FL)/USA,6-10,245,15,5,Forward-Center,Inactive,N,1610612756,Suns,PHX,suns,Phoenix,amar'e_stoudemire,2002,2015,N,Y,Y,2002,1,9,N,2405
1065,Erick,Strickland,Erick Strickland,"Strickland, Erick",E. Strickland,erick-strickland,1973-11-25T00:00:00,Nebraska,USA,Nebraska/USA,6-3,218,10,20,Guard,Inactive,N,1610612742,Mavericks,DAL,mavericks,Dallas,erick_strickland,1996,2004,N,Y,Y,Undrafted,Undrafted,Undrafted,N,1065
1743,Bruno,Sundov,Bruno Sundov,"Sundov, Bruno",B. Sundov,bruno-sundov,1980-02-10T00:00:00,Split,Croatia,Split/Croatia,7-2,260,8,14,Center,Inactive,N,1610612754,Pacers,IND,pacers,Indiana,bruno_sundov,1998,2004,N,Y,Y,1998,2,35,N,1743
682,Bob,Sura,Bob Sura,"Sura, Bob",B. Sura,bob-sura,1973-03-25T00:00:00,Florida State,USA,Florida State/USA,6-5,200,11,3,Guard,Inactive,N,1610612739,Cavaliers,CLE,cavaliers,Cleveland,bob_sura,1995,2006,N,Y,Y,1995,1,17,N,682
2552,Michael,Sweetney,Michael Sweetney,"Sweetney, Michael",M. Sweetney,michael-sweetney,1982-10-25T00:00:00,Georgetown,USA,Georgetown/USA,6-8,270,5,50,Forward,Inactive,N,1610612752,Knicks,NYK,knicks,New York,michael_sweetney,2003,2006,Y,Y,Y,2003,1,9,N,2552
2741,Robert,Swift,Robert Swift,"Swift, Robert",R. Swift,robert-swift,1985-12-03T00:00:00,Bakersfield HS (CA),USA,Bakersfield HS (CA)/USA,7-1,270,5,31,Center,Inactive,N,1610612760,Thunder,OKC,thunder,Oklahoma City,robert_swift,2004,2008,Y,Y,Y,2004,1,12,N,2741
2031,Stromile,Swift,Stromile Swift,"Swift, Stromile",S. Swift,stromile-swift,1979-11-21T00:00:00,Louisiana State,USA,Louisiana State/USA,6-10,220,10,4,Forward-Center,Inactive,N,1610612763,Grizzlies,MEM,grizzlies,Memphis,stromile_swift,2000,2008,N,Y,Y,2000,1,2,N,2031
1887,Wally,Szczerbiak,Wally Szczerbiak,"Szczerbiak, Wally",W. Szczerbiak,wally-szczerbiak,1977-03-05T00:00:00,Miami (Ohio),USA,Miami (Ohio)/USA,6-7,240,11,10,Guard-Forward,Inactive,N,1610612750,Timberwolves,MIN,timberwolves,Minnesota,wally_szczerbiak,1999,2008,N,Y,Y,1999,1,6,N,1887
1508,Maurice,Taylor,Maurice Taylor,"Taylor, Maurice",M. Taylor,maurice-taylor,1976-10-30T00:00:00,Michigan,USA,Michigan/USA,6-9,265,9,,Forward-Center,Inactive,N,0,,,,,maurice_taylor,1997,2006,N,Y,Y,1997,1,14,N,1508
2742,Sebastian,Telfair,Sebastian Telfair,"Telfair, Sebastian",S. Telfair,sebastian-telfair,1985-06-09T00:00:00,Abraham Lincoln HS (NY),USA,Abraham Lincoln HS (NY)/USA,6-0,170,10,,Guard,Inactive,N,0,,,,,sebastian_telfair,2004,2014,N,Y,Y,2004,1,13,N,2742
1891,Jason,Terry,Jason Terry,"Terry, Jason",J. Terry,jason-terry,1977-09-15T00:00:00,Arizona,USA,Arizona/USA,6-2,185,19,3,Guard,Inactive,N,1610612742,Mavericks,DAL,mavericks,Dallas,jason_terry,1999,2017,N,Y,Y,1999,1,10,N,1891
2873,Billy,Thomas,Billy Thomas,"Thomas, Billy",B. Thomas,billy-thomas,1975-12-23T00:00:00,Kansas,USA,Kansas/USA,6-5,220,4,12,Guard,Inactive,N,1610612751,Nets,NJN,nets,New Jersey,billy_thomas,2004,2007,Y,Y,Y,Undrafted,Undrafted,Undrafted,N,2873
2041,Etan,Thomas,Etan Thomas,"Thomas, Etan",E. Thomas,etan-thomas,1978-04-01T00:00:00,Syracuse,USA,Syracuse/USA,6-10,260,10,36,Center,Inactive,N,1610612764,Wizards,WAS,wizards,Washington,etan_thomas,2001,2010,N,Y,Y,2000,1,12,N,2041
1519,John,Thomas,John Thomas,"Thomas, John",J. Thomas,john-thomas,1975-09-08T00:00:00,Minnesota,USA,Minnesota/USA,6-9,265,6,41,Center,Inactive,N,1610612761,Raptors,TOR,raptors,Toronto,john_thomas,1997,2005,Y,Y,Y,1997,1,25,N,1519
1903,Kenny,Thomas,Kenny Thomas,"Thomas, Kenny",K. Thomas,kenny-thomas,1977-07-25T00:00:00,New Mexico,USA,New Mexico/USA,6-7,245,12,,Center-Forward,Inactive,N,0,,,,,kenny_thomas,1999,2009,N,Y,Y,1999,1,22,N,1903
703,Kurt,Thomas,Kurt Thomas,"Thomas, Kurt",K. Thomas,kurt-thomas,1972-10-04T00:00:00,TCU,USA,TCU/USA,6-9,240,18,,Forward,Inactive,N,0,,,,,kurt_thomas,1995,2012,N,Y,Y,1995,1,10,N,703
1501,Tim,Thomas,Tim Thomas,"Thomas, Tim",T. Thomas,tim-thomas,1977-02-26T00:00:00,Villanova,USA,Villanova/USA,6-10,240,14,7,Forward,Inactive,N,1610612749,Bucks,MIL,bucks,Milwaukee,tim_thomas,1997,2009,N,Y,Y,1997,1,7,N,1501
2224,Jamaal,Tinsley,Jamaal Tinsley,"Tinsley, Jamaal",J. Tinsley,jamaal-tinsley,1978-02-28T00:00:00,Iowa State,USA,Iowa State/USA,6-3,188,11,,Guard,Inactive,N,0,,,,,jamaal_tinsley,2001,2013,Y,Y,Y,2001,1,27,N,2224
1714,Robert,Traylor,Robert Traylor,"Traylor, Robert",R. Traylor,robert-traylor,1977-02-01T00:00:00,Michigan,USA,Michigan/USA,6-8,284,8,32,Forward-Center,Inactive,N,1610612739,Cavaliers,CLE,cavaliers,Cleveland,robert_traylor,1998,2004,N,Y,Y,1998,1,6,N,1714
2401,Nikoloz,Tskitishvili,Nikoloz Tskitishvili,"Tskitishvili, Nikoloz",N. Tskitishvili,nikoloz-tskitishvili,1983-04-14T00:00:00,Benetton Treviso,Georgia,Benetton Treviso/Georgia,7-0,225,5,15,Forward,Inactive,N,1610612743,Nuggets,DEN,nuggets,Denver,nikoloz_tskitishvili,2002,2005,N,Y,Y,2002,1,5,N,2401
2757,Beno,Udrih,Beno Udrih,"Udrih, Beno",B. Udrih,beno-udrih,1982-07-05T00:00:00,Olimpia Milano,Slovenia,Olimpia Milano/Slovenia,6-3,205,14,19,Guard,Inactive,N,1610612758,Kings,SAC,kings,Sacramento,beno_udrih,2004,2016,N,Y,Y,2004,1,28,N,2757
1496,Keith,Van Horn,Keith Van Horn,"Van Horn, Keith",K. Van Horn,keith-van-horn,1975-10-23T00:00:00,Utah,USA,Utah/USA,6-10,245,10,2,Forward,Inactive,N,1610612751,Nets,NJN,nets,New Jersey,keith_van horn,1997,2005,N,Y,Y,1997,1,2,N,1496
2760,Anderson,Varejao,Anderson Varejao,"Varejao, Anderson",A. Varejao,anderson-varejao,1982-09-28T00:00:00,FC Barcelona,Brazil,FC Barcelona/Brazil,6-11,260,14,,Forward,Inactive,N,0,,,,,anderson_varejao,2004,2020,N,Y,Y,2004,2,30,N,2760
1521,Jacque,Vaughn,Jacque Vaughn,"Vaughn, Jacque",J. Vaughn,jacque-vaughn,1975-02-11T00:00:00,Kansas,USA,Kansas/USA,6-1,190,13,11,Guard,Inactive,N,1610612762,Jazz,UTA,jazz,Utah,jacque_vaughn,1997,2008,N,Y,Y,1997,1,27,N,1521
2063,Jake,Voskuhl,Jake Voskuhl,"Voskuhl, Jake",J. Voskuhl,jake-voskuhl,1977-11-01T00:00:00,Connecticut,USA,Connecticut/USA,6-11,255,10,77,Center,Inactive,N,1610612756,Suns,PHX,suns,Phoenix,jake_voskuhl,2000,2008,N,Y,Y,2000,2,33,N,2063
2761,Jackson,Vroman,Jackson Vroman,"Vroman, Jackson",J. Vroman,jackson-vroman,1981-06-06T00:00:00,Iowa State,USA,Iowa State/USA,6-10,220,2,,Forward-Center,Inactive,N,0,,,,,jackson_vroman,2004,2005,N,Y,Y,2004,2,31,N,2761
2756,Sasha,Vujacic,Sasha Vujacic,"Vujacic, Sasha",S. Vujacic,sasha-vujacic,1984-03-08T00:00:00,Udine,Slovenia,Udine/Slovenia,6-7,195,11,18,Guard,Inactive,N,1610612747,Lakers,LAL,lakers,Los Angeles,sasha_vujacic,2004,2016,N,Y,Y,2004,1,27,N,2756
2548,Dwyane,Wade,Dwyane Wade,"Wade, Dwyane",D. Wade,dwyane-wade,1982-01-17T00:00:00,Marquette,USA,Marquette/USA,6-4,220,17,3,Guard,Inactive,N,1610612748,Heat,MIA,heat,Miami,dwyane_wade,2003,2018,N,Y,Y,2003,1,5,Y,2548
952,Antoine,Walker,Antoine Walker,"Walker, Antoine",A. Walker,antoine-walker,1976-08-12T00:00:00,Kentucky,USA,Kentucky/USA,6-9,245,13,24,Forward,Inactive,N,1610612738,Celtics,BOS,celtics,Boston,antoine_walker,1996,2007,Y,Y,Y,1996,1,6,N,952
1112,Ben,Wallace,Ben Wallace,"Wallace, Ben",B. Wallace,ben-wallace,1974-09-10T00:00:00,Virginia Union,USA,Virginia Union/USA,6-9,240,17,6,Forward-Center,Inactive,N,1610612765,Pistons,DET,pistons,Detroit,ben_wallace,1996,2011,N,Y,Y,Undrafted,Undrafted,Undrafted,N,1112
2222,Gerald,Wallace,Gerald Wallace,"Wallace, Gerald",G. Wallace,gerald-wallace,1982-07-23T00:00:00,Alabama,USA,Alabama/USA,6-7,220,15,45,Forward,Inactive,N,1610612766,Bobcats,CHA,hornets,Charlotte,gerald_wallace,2001,2014,N,Y,Y,2001,1,25,N,2222
739,Rasheed,Wallace,Rasheed Wallace,"Wallace, Rasheed",R. Wallace,rasheed-wallace,1974-09-17T00:00:00,North Carolina,USA,North Carolina/USA,6-11,230,16,,Forward-Center,Inactive,N,0,,,,,rasheed_wallace,1995,2012,N,Y,Y,1995,1,4,N,739
2575,Luke,Walton,Luke Walton,"Walton, Luke",L. Walton,luke-walton,1980-03-28T00:00:00,Arizona,USA,Arizona/USA,6-8,235,11,4,Forward,Inactive,N,1610612747,Lakers,LAL,lakers,Los Angeles,luke_walton,2003,2012,N,Y,Y,2003,2,32,N,2575
2248,Earl,Watson,Earl Watson,"Watson, Earl",E. Watson,earl-watson,1979-06-12T00:00:00,UCLA,USA,UCLA/USA,6-1,199,13,17,Guard,Inactive,N,1610612760,Thunder,OKC,thunder,Oklahoma City,earl_watson,2001,2013,N,Y,Y,2001,2,39,N,2248
221,Clar.,Weatherspoon,Clar. Weatherspoon,"Weatherspoon, Clar.",C. Weatherspoon,clar-weatherspoon,1970-09-08T00:00:00,Southern Mississippi,USA,Southern Mississippi/USA,6-7,270,14,30,Forward,Inactive,N,1610612755,76ers,PHI,sixers,Philadelphia,clar._weatherspoon,1992,2004,N,Y,Y,1992,1,9,N,221
185,Chris,Webber,Chris Webber,"Webber, Chris",C. Webber,chris-webber,1973-03-01T00:00:00,Michigan,USA,Michigan/USA,6-10,245,15,4,Forward-Center,Inactive,N,0,,,,,chris_webber,1993,2007,N,Y,Y,1993,1,1,N,185
1719,Bonzi,Wells,Bonzi Wells,"Wells, Bonzi",B. Wells,bonzi-wells,1976-09-28T00:00:00,Ball State,USA,Ball State/USA,6-5,210,11,24,Guard-Forward,Inactive,N,1610612757,Trail Blazers,POR,blazers,Portland,bonzi_wells,1998,2007,N,Y,Y,1998,1,11,N,1719
2412,Jiri,Welsch,Jiri Welsch,"Welsch, Jiri",J. Welsch,jiri-welsch,1980-01-27T00:00:00,Union Olimpija,Czech Republic,Union Olimpija/Czech Republic,6-7,208,4,44,Forward,Inactive,N,1610612738,Celtics,BOS,celtics,Boston,jiri_welsch,2002,2005,N,Y,Y,2002,1,16,N,2412
133,David,Wesley,David Wesley,"Wesley, David",D. Wesley,david-wesley,1970-11-14T00:00:00,Baylor,USA,Baylor/USA,6-1,203,15,4,Guard,Inactive,N,1610612766,Hornets,CHH,hornets,Charlotte,david_wesley,1993,2006,N,Y,Y,Undrafted,Undrafted,Undrafted,N,133
2561,David,West,David West,"West, David",D. West,david-west,1980-08-29T00:00:00,Xavier,USA,Xavier/USA,6-9,250,16,3,Forward,Inactive,N,1610612740,Hornets,NOH,pelicans,New Orleans,david_west,2003,2017,N,Y,Y,2003,1,18,N,2561
2753,Delonte,West,Delonte West,"West, Delonte",D. West,delonte-west,1983-07-26T00:00:00,St. Joseph's (PA),USA,St. Joseph's (PA)/USA,6-3,180,9,13,Guard,Inactive,N,1610612738,Celtics,BOS,celtics,Boston,delonte_west,2004,2011,Y,Y,Y,2004,1,24,N,2753
2206,Rodney,White,Rodney White,"White, Rodney",R. White,rodney-white,1980-06-28T00:00:00,North Carolina-Charlotte,USA,North Carolina-Charlotte/USA,6-9,230,5,3,Forward,Inactive,N,1610612743,Nuggets,DEN,nuggets,Denver,rodney_white,2001,2004,N,Y,Y,2001,1,9,N,2206
2404,Chris,Wilcox,Chris Wilcox,"Wilcox, Chris",C. Wilcox,chris-wilcox,1982-09-03T00:00:00,Maryland,USA,Maryland/USA,6-10,235,12,44,Forward-Center,Inactive,N,1610612746,Clippers,LAC,clippers,Los Angeles,chris_wilcox,2002,2012,N,Y,Y,2002,1,8,N,2404
2863,Damien,Wilkins,Damien Wilkins,"Wilkins, Damien",D. Wilkins,damien-wilkins,1980-01-11T00:00:00,Georgia,USA,Georgia/USA,6-6,217,10,,Guard-Forward,Inactive,N,0,,,,,damien_wilkins,2004,2017,Y,Y,Y,Undrafted,Undrafted,Undrafted,N,2863
2366,Mike,Wilks,Mike Wilks,"Wilks, Mike",M. Wilks,mike-wilks,1979-05-07T00:00:00,Rice,USA,Rice/USA,5-10,180,8,,Guard,Inactive,N,0,,,,,mike_wilks,2002,2009,N,Y,Y,Undrafted,Undrafted,Undrafted,N,2366
1425,Aaron,Williams,Aaron Williams,"Williams, Aaron",A. Williams,aaron-williams,1971-10-02T00:00:00,Xavier,USA,Xavier/USA,6-9,235,14,,Center-Forward,Inactive,N,0,,,,,aaron_williams,1993,2007,N,Y,Y,Undrafted,Undrafted,Undrafted,N,1425
677,Eric,Williams,Eric Williams,"Williams, Eric",E. Williams,eric-williams,1972-07-17T00:00:00,Providence,USA,Providence/USA,6-8,220,12,,Guard-Forward,Inactive,N,0,,,,,eric_williams,1995,2006,Y,Y,Y,1995,1,14,N,677
2421,Frank,Williams,Frank Williams,"Williams, Frank",F. Williams,frank-williams,1980-02-25T00:00:00,Illinois,USA,Illinois/USA,6-3,212,4,30,Guard,Inactive,N,1610612752,Knicks,NYK,knicks,New York,frank_williams,2002,2004,Y,Y,Y,2002,1,25,N,2421
1715,Jason,Williams,Jason Williams,"Williams, Jason",J. Williams,jason-williams,1975-11-18T00:00:00,Florida,USA,Florida/USA,6-1,180,12,,Guard,Inactive,N,0,,,,,jason_williams,1998,2010,N,Y,Y,1998,1,7,N,1715
966,Jerome,Williams,Jerome Williams,"Williams, Jerome",J. Williams,jerome-williams,1973-05-10T00:00:00,Georgetown,USA,Georgetown/USA,6-9,206,10,31,Forward-Center,Inactive,N,1610612765,Pistons,DET,pistons,Detroit,jerome_williams,1996,2004,N,Y,Y,1996,1,26,N,966
2590,Mo,Williams,Mo Williams,"Williams, Mo",M. Williams,mo-williams,1982-12-19T00:00:00,Alabama,USA,Alabama/USA,6-1,198,14,52,Guard,Inactive,N,1610612749,Bucks,MIL,bucks,Milwaukee,mo_williams,2003,2015,N,Y,Y,2003,2,47,N,2590
722,Corliss,Williamson,Corliss Williamson,"Williamson, Corliss",C. Williamson,corliss-williamson,1973-12-04T00:00:00,Arkansas,USA,Arkansas/USA,6-7,245,13,34,Forward,Inactive,N,1610612758,Kings,SAC,kings,Sacramento,corliss_williamson,1995,2006,N,Y,Y,1995,1,13,N,722
788,Kevin,Willis,Kevin Willis,"Willis, Kevin",K. Willis,kevin-willis,1962-09-06T00:00:00,Michigan State,USA,Michigan State/USA,7-0,245,22,45,Center-Forward,Inactive,N,1610612737,Hawks,ATL,hawks,Atlanta,kevin_willis,1984,2006,N,Y,Y,1984,1,11,N,788
1897,Metta,World Peace,Metta World Peace,"World Peace, Metta",M. World Peace,metta-world-peace,1979-11-13T00:00:00,St. John's (NY),USA,St. John's (NY)/USA,6-7,260,18,37,Forward,Inactive,N,1610612747,Lakers,LAL,lakers,Los Angeles,metta_world peace,1999,2016,N,Y,Y,1999,1,16,N,1897
2748,Dorell,Wright,Dorell Wright,"Wright, Dorell",D. Wright,dorell-wright,1985-12-02T00:00:00,South Kent HS (CT),USA,South Kent HS (CT)/USA,6-9,205,12,11,Forward-Guard,Inactive,N,1610612748,Heat,MIA,heat,Miami,dorell_wright,2004,2015,Y,Y,Y,2004,1,19,N,2748
953,Lorenzen,Wright,Lorenzen Wright,"Wright, Lorenzen",L. Wright,lorenzen-wright,1975-11-04T00:00:00,Memphis,USA,Memphis/USA,6-11,255,14,55,Forward-Center,Inactive,N,1610612763,Grizzlies,MEM,grizzlies,Memphis,lorenzen_wright,1996,2008,N,Y,Y,1996,1,7,N,953
2397,Yao,Ming,Yao Ming,Yao Ming,Yao,yao-ming,1980-09-12T00:00:00,Shanghai,China,Shanghai/China,7-6,310,9,11,Center,Inactive,N,1610612745,Rockets,HOU,rockets,Houston,ming_yao,2002,2010,N,Y,Y,2002,1,1,N,2397
